Name, Level, Terrirory, Instance, Type
The Venomous Abyss	90	Contested	Raid	
Temple of Sethraliss	10 - 60	Contested	Dungeon	
Karazhan	30	Contested	Raid	
Naxxramas	30	Contested	Raid	
Stormwind City	1 - 90	Alliance		
Kings' Rest	50	Contested	Dungeon	
Wetlands	10 - 30	Alliance		
Mount Hyjal	30 - 35	Contested		
Blackrock Depths	20 - 30	Contested	Dungeon	
Shadowfang Keep	8 - 30	Horde	Dungeon	
Blackfathom Deeps	10 - 30	Contested	Dungeon	
Altar of Fangs	80 - 90	Contested	Dungeon	
Elwynn Forest	1 - 30	Alliance		
Ashenvale	7 - 30	Contested		
Tomb of Sargeras	35	Contested	Raid	
Orgrimmar	1 - 90	Horde		
Blackwing Lair	30	Contested	Raid	
Antorus, the Burning Throne	1 - 90	Contested	Raid	
Wailing Caverns	8 - 30	Horde	Dungeon	
Ny'alotha, the Waking City	50	Contested	Raid	
Black Temple	30	Contested	Raid	
Vol'dun	30 - 60	Contested		
Venomfall Deeps	80 - 90	Contested		
Tirisfal Glades	1 - 30	Horde		
The Deadmines	7 - 30	Alliance	Dungeon	
Thunder Bluff	1 - 90	Horde		
Aberrus, the Shadowed Crucible	70	Contested	Raid	
Murder Row	80 - 90	Contested	Dungeon	
The Blinding Vale	80 - 90	Contested	Dungeon	
Duskwood	10 - 30	Alliance		
Ulduar	30	Contested	Raid	
Molten Core	30	Contested	Raid	
Ruins of Lordaeron	10 - 90	PvP	Arena	
Icecrown Citadel	30	Contested	Raid	
Zul'Aman	35	Contested	Dungeon	
Sanctum of Domination	60	Contested	Raid	
The Nighthold	30	Contested	Raid	
The Tidebound Grotto	90	Contested	Raid	
Amirdrassil, the Dream's Hope	70	Contested	Raid	
Dun Morogh	1 - 30	Alliance		
Battle of Dazar'alor	50	Contested	Raid	
Firelands	35	Contested	Raid	
The Ring of Glory	80 - 90	Contested		
Harandar	83 - 88	Contested		
Northern Stranglethorn	10 - 30	Contested		
Darkshore	5 - 30	Alliance		
Parhelion Plaza	80 - 90	Contested		
Mulgore	1 - 30	Horde		
Ragefire Chasm	7 - 30	Horde	Dungeon	
Sepulcher of the First Ones	60	Contested	Raid	
Westfall	5 - 30	Alliance		
The Coiled Isle	90	Contested		
Dalaran	1 - 90	Sanctuary		
Darnassus	1 - 90	Alliance		
Dragon Soul	35	Contested	Raid	
The Waking Shores	10 - 70	Contested		
Undercity	1 - 90	Horde		
Voidscar Arena	80 - 90	Contested	Dungeon	
Razorwind Shores	1 - 90	Sanctuary		
Ruins of Lordaeron	10	Contested		
Onyxia's Lair	30	Contested	Raid	
Uldum	30 - 35	Contested		
Hellfire Citadel	40	Contested	Raid	
The Emerald Nightmare	20	Contested	Raid	
Hillsbrad Foothills	7 - 30	Horde		
Ruby Life Pools	10 - 70	Contested	Dungeon	
Castle Nathria	60	Contested	Raid	
Sunwell Plateau	30	Contested	Raid	
Silvermoon City	1 - 90	Sanctuary		
Grim Batol	30 - 35	Contested	Dungeon	
Collegiate Calamity	80 - 90	Contested		
Silverpine Forest	5 - 30	Horde		
Vaults of Atal'Utek	90	Contested		
Stratholme	20 - 30	Contested	Dungeon	
Vault of the Incarnates	70	Contested	Raid	
Dustwallow Marsh	15 - 30	Contested		
Arathi Highlands	10 - 30	Contested		
Founder's Point	1 - 90	Sanctuary		
Blackrock Foundry	40	Contested	Raid	
Den of Nalorakk	80 - 90	Contested	Dungeon	
Uldir	50	Contested	Raid	
Stonetalon Mountains	10 - 30	Contested		
Temple of Ahn'Qiraj	30	Contested	Raid	
Redridge Mountains	7 - 30	Alliance		
Nagrand	15 - 30	Contested		
Drustvar	20 - 60	Contested		
Eversong Woods	80 - 83	Contested		
Twilight Crypts	80 - 90	Contested		
Dawn of the Infinite	10 - 70	Contested	Dungeon	
Dornogal	1 - 90	Sanctuary		
Dire Maul	15 - 30	Contested	Dungeon	
Dalaran	1 - 90	Sanctuary		
Nazjatar	50	Contested		
Hellfire Peninsula	10 - 30	Contested		
Scarlet Monastery	10 - 30	Horde	Dungeon	
Durotar	1 - 30	Horde		
Ironforge	1 - 90	Alliance		
Razorfen Kraul	10 - 30	Horde	Dungeon	
Suramar	45	Contested		
Tazavesh, the Veiled Market	60	Contested	Dungeon	
Val	80 - 90	Contested		
Northern Barrens	5 - 30	Horde		
The Eye	30	Contested	Raid	
Hyjal Summit	30	Contested	Raid	
Return to Karazhan	45	Contested	Dungeon	
Voidstorm	88 - 90	Contested		
Mechagon	10 - 60	Contested		
Stormsong Valley	30 - 60	Contested		
Tanaris	15 - 30	Contested		
Zuldazar	10 - 60	Contested		
The Slave Pens	10 - 30	Contested	Dungeon	
Twilight Highlands	30 - 35	Contested		
Deeprun Tram	1 - 30	Alliance	Transit	
The Eye of Eternity	30	Contested	Raid	
The Bastion of Twilight	35	Contested	Raid	
The Azure Span	30 - 70	Contested		
Sunken Temple	20 - 30	Contested	Dungeon	
Valdrakken	1 - 90	Sanctuary		
Molten Front	32 - 35	Contested		
Thousand Needles	15 - 30	Contested		
Isle of Dorn	70 - 73	Contested		
Serpentshrine Cavern	30	Contested	Raid	
Blackrock Mountain	20 - 30	Contested		
Hellfire Ramparts	10 - 30	Contested	Dungeon	
Isle of Quel'Danas	25 - 30	Contested		
The Stockade	10 - 30	Alliance	Dungeon	
The Eternal Palace	50	Contested	Raid	
The MOTHERLODE!!	10 - 60	Contested	Dungeon	
Netherstorm	25 - 30	Contested		
The Ringing Deeps	73 - 75	Contested		
Blade's Edge Mountains	20 - 30	Contested		
Zul'Gurub	35	Contested	Dungeon	
Hallowfall	75 - 78	Contested		
Badlands	15 - 30	Contested		
Deepholm	30 - 35	Contested		
Manaforge Omega	80	Contested	Raid	
Boralus	10 - 60	Contested		
Ohn'ahran Plains	20 - 70	Contested		
Blackwing Descent	35	Contested	Raid	
The Stonecore	30 - 35	Contested	Dungeon	
Teldrassil	1 - 30	Alliance		
Razorfen Downs	15 - 30	Contested	Dungeon	
Gnomeregan	10 - 30	Alliance	Dungeon	
Emerald Dream	70	Contested		
Ghostlands	1 - 30	Horde		
Tiragarde Sound	10 - 60	Contested		
Excavation Site 9	70 - 80	Contested		
Liberation of Undermine	80	Contested	Raid	
Upper Blackrock Spire	35 - 40	Contested	Dungeon	
Vashj'ir	30 - 35	Contested		
Highmaul	40	Contested	Raid	
Undermine	80	Contested		
Deadwind Pass	10 - 30	Contested		
Dragonblight	15 - 30	Contested		
Shattrath City	1 - 90	Sanctuary		
The Underrot	10 - 60	Contested	Dungeon	
Zereth Mortis	60	Contested		
Uldaman	15 - 30	Contested	Dungeon	
Zangarmarsh	10 - 30	Contested		
Nerub-ar Palace	80	Contested	Raid	
Slayer's Rise	88 - 90	Contested		
The Storm Peaks	25 - 30	Contested		
Moonglade	1 - 30	Contested		
Gilneas	1 - 20	Alliance		
Throne of the Four Winds	35	Contested	Raid	
Shadowmoon Valley	25 - 30	Contested		
Magisters' Terrace	25 - 30	Contested	Dungeon	
Naigtal	80 - 90	Contested		
Azuremyst Isle	1 - 30	Alliance		
The Grudge Pit	80 - 90	Contested		
Swamp of Sorrows	15 - 30	Contested		
The Shattered Halls	20 - 30	Contested	Dungeon	
Blackrock Spire	20 - 30	Contested	Dungeon	
Trial of the Crusader	30	Contested	Raid	
Sethekk Halls	15 - 30	Contested	Dungeon	
Silvermoon City (Burning Crusade)	1 - 90	Horde		
The Underbog	10 - 30	Contested	Dungeon	
Zul'Aman	83 - 88	Contested		
Burning Steppes	15 - 30	Contested		
Southern Barrens	10 - 30	Contested		
Dazar'alor	1 - 90	Contested		
Pit of Saron	25 - 30	Contested	Dungeon	
Darkmoon Island	1	Contested		
Felwood	15 - 30	Contested		
Icecrown	25 - 30	Contested		
Winterspring	15 - 30	Contested		
The Darkway	80 - 90	Contested		
Vault of the Wardens	20	Contested	Dungeon	
Vault of Archavon	30	Contested	Raid	
Loch Modan	5 - 30	Alliance		
Val'sharah	10 - 45	Contested		
Revendreth	10 - 60	Contested		
The Steamvault	20 - 30	Contested	Dungeon	
Sholazar Basin	20 - 30	Contested		
Silithus	15 - 30	Contested		
Zaralek Cavern	70	Contested		
Arcantina	83 - 90	Contested		
Old Hillsbrad Foothills	15 - 30	Contested	Dungeon	
Maldraxxus	10 - 55	Contested		
Arathi Basin	60 - 90	PvP	Battleground	
Eastern Plaguelands	15 - 30	Contested		
Freehold	10 - 60	Contested	Dungeon	
Azshara	5 - 30	Horde		
Blasted Lands	15 - 30	Contested		
Desolace	10 - 30	Contested		
The Shadow Enclave	80 - 90	Contested		
Gnarldor Isle	80 - 90	Contested		
Terokkar Forest	15 - 30	Contested		
Broken Shore	45	Contested		
Borean Tundra	10 - 30	Contested		
Un'Goro Crater	15 - 30	Contested		
The Hinterlands	10 - 30	Contested		
The Voidspire	90	Contested	Raid	
Scholomance	15 - 30	Contested	Dungeon	
The Culling of Stratholme	25 - 30	Contested	Dungeon	
Eversong Woods (Burning Crusade)	1 - 30	Horde		
Tanaan Jungle	40	Contested		
Court of Stars	45	Contested	Dungeon	
Iron Docks	15 - 40	Contested	Dungeon	
Halls of Valor	10	Contested	Dungeon	
The Maw	60	Contested		
Cathedral of Eternal Night	45	Contested	Dungeon	
Tol Dagor	10 - 60	Contested	Dungeon	
Frostfire Ridge	10 - 40	Contested		
Highmountain	10 - 45	Contested		
Shadowguard Point	80 - 90	Contested		
Trial of Valor	25	Contested	Raid	
Operation: Mechagon	50	Contested	Dungeon	
Maw of Souls	20	Contested	Dungeon	
Crucible of Storms	50	Contested	Raid	
The Gulf of Memory	80 - 90	Contested		
The Vortex Pinnacle	30 - 35	Contested	Dungeon	
Waycrest Manor	10 - 60	Contested	Dungeon	
Tol Barad	30 - 35	World PvP		
Mana-Tombs	15 - 30	Contested	Dungeon	
Neltharion's Lair	10	Contested	Dungeon	
Siege of Orgrimmar	35	Contested	Raid	
Wintergrasp	25 - 30	World PvP		
The Exodar	1 - 90	Alliance		
Howling Fjord	10 - 30	Contested		
Spires of Arak	30 - 40	Contested		
Ardenweald	10 - 58	Contested		
Azsuna	10 - 45	Contested		
Bloodmyst Isle	1 - 30	Alliance		
Trueshot Lodge	1 - 90	Sanctuary	Class Hall	
Feralas	15 - 30	Contested		
Maraudon	10 - 30	Contested	Dungeon	
The Obsidian Sanctum	30	Contested	Raid	
Eye of the Storm	50 - 90	PvP	Battleground	
Nazmir	20 - 60	Contested		
Sanguine Depths	50 - 60	Contested	Dungeon	
Atal'Dazar	10 - 60	Contested	Dungeon	
Eye of Azshara	10	Contested	Dungeon	
Gorgrond	15 - 40	Contested		
The Cape of Stranglethorn	10 - 30	Contested		
Skyreach	30 - 40	Contested	Dungeon	
Grizzly Hills	15 - 30	Contested		
Siege of Boralus	50	Contested	Dungeon	
Thaldraszus	40 - 70	Contested		
Zul'Farrak	15 - 30	Contested	Dungeon	
Well of Eternity	35	Contested	Dungeon	
Searing Gorge	15 - 30	Contested		
Shadowmoon Valley	10 - 40	Contested		
Plaguefall	50 - 60	Contested	Dungeon	
The Seat of the Triumvirate	45	Contested	Dungeon	
Black Rook Hold		Contested	Dungeon	
Ahn'kahet: The Old Kingdom	15 - 30	Contested	Dungeon	
Shrine of the Storm	10 - 60	Contested	Dungeon	
Exile's Reach	1 - 10	Contested		
Western Plaguelands	15 - 30	Contested		
Azj-Kahet	78 - 80	Contested		
Stranglethorn Vale	10 - 30	Contested		
The Blood Furnace	10 - 30	Contested	Dungeon	
Zul'Drak	20 - 30	Contested		
The Black Morass	25 - 30	Contested	Dungeon	
Stormshield	1 - 90	Alliance		
Throne of Thunder	35	Contested	Raid	
Blackrock Caverns	30 - 35	Contested	Dungeon	
Darkheart Thicket	20	Contested	Dungeon	
Violet Hold	10 - 45	Contested	Dungeon	
Nagrand	35 - 40	Contested		
Halls of Origination	30 - 35	Contested	Dungeon	
Ruins of Ahn'Qiraj	30	Contested	Raid	
Gruul's Lair	30	Contested	Raid	
Siren Isle	80	Contested		
Stormheim	10 - 45	Contested		
Shadow Labyrinth	20 - 30	Contested	Dungeon	
Auchindoun	20 - 40	Contested	Dungeon	
Baradin Hold	35	Contested	Raid	
Bastion	10 - 53	Contested		
Grimrail Depot	35 - 40	Contested	Dungeon	
Magtheridon's Lair	30	Contested	Raid	
Utgarde Pinnacle	20 - 30	Contested	Dungeon	
Halls of Reflection	25 - 30	Contested	Dungeon	
Talador	20 - 40	Contested		
Throne of the Tides	30 - 35	Contested	Dungeon	
The Necrotic Wake	50 - 60	Contested	Dungeon	
Alterac Valley	20 - 90	PvP	Battleground	
The Arcatraz	25 - 30	Contested	Dungeon	
Antoran Wastes	45	Contested		
K'aresh	80	Contested		
Masters' Perch	88 - 90	Sanctuary		
Trial of the Champion	25 - 30	Contested	Dungeon	
Ashran	10 - 40	World PvP		
Windrunner Spire	80 - 90	Contested	Dungeon	
End Time	35	Contested	Dungeon	
Halls of Atonement	50 - 60	Contested	Dungeon	
The Botanica	20 - 30	Contested	Dungeon	
The Nexus	10 - 30	Contested	Dungeon	
Lost City of the Tol'vir	30 - 35	Contested	Dungeon	
Warspear	1 - 90	Horde		
The Arcway	45	Contested	Dungeon	
Krokuun	45	Contested		
Warsong Gulch	60 - 90	PvP	Battleground	
Kezan	1 - 20	Horde		
Sunkiller Sanctum	80 - 90	Contested		
The Forge of Souls	25 - 30	Contested	Dungeon	
Hall of the Guardian	1 - 90	Sanctuary	Class Hall	
Eredath	45	Contested		
City of Threads	78 - 80	Contested		
Brackenhide Hollow	30 - 70	Contested	Dungeon	
The Dreamrift	90	Contested	Raid	
The Oculus	20 - 30	Contested	Dungeon	
De Other Side	50 - 60	Contested	Dungeon	
Theater of Pain	50 - 60	Contested	Dungeon	
Neltharus	15 - 70	Contested	Dungeon	
The Ruby Sanctum	30	Contested	Raid	
Hour of Twilight	35	Contested	Dungeon	
GM Island	1 - 30	Contested		
Mogu'shan Vaults	35	Contested	Raid	
The Nokhud Offensive	20 - 70	Contested	Dungeon	
Utgarde Keep	10 - 30	Contested	Dungeon	
Vision of Stormwind	50 - 80	Contested		
Halls of Stone	20 - 30	Contested	Dungeon	
The Everbloom	35 - 40	Contested	Dungeon	
Korthia	60	Contested		
Terrace of Endless Spring	35	Contested	Raid	
The Rookery	71 - 80	Contested	Dungeon	
Zekvir's Lair	70 - 80	Contested		
The Azure Vault	35 - 70	Contested	Dungeon	
Mists of Tirna Scithe	50 - 60	Contested	Dungeon	
Timeless Isle	30 - 35	Contested		
Isle of Conquest	20 - 90	PvP	Battleground	
Gilneas City	1 - 20	Alliance		
Nexus-Point Xenas	80 - 90	Contested	Dungeon	
The Violet Hold	15 - 30	Contested	Dungeon	
Frostwall	10 - 40	Contested		
Shadowmoon Burial Grounds	10 - 40	Contested	Dungeon	
Azjol-Nerub	15 - 30	Contested	Dungeon	
Gundrak	20 - 30	Contested	Dungeon	
The Primalist Future	40 - 70	Contested		
Oribos	1 - 90	Sanctuary		
Pursuing the Black Harvest	35	Contested		
Vale of Eternal Blossoms	30 - 35	Contested		
The Dreamgrove	1 - 90	Sanctuary	Class Hall	
The Forbidden Reach	70	Contested		
Scarlet Monastery	10 - 70	Contested	Dungeon	
Ritual Site	80 - 90	Contested		
Scholomance	10 - 70	Contested	Dungeon	
Ruins of Gilneas	1 - 20	Alliance		
Sidestreet Sluice	70 - 80	Contested		
Auchenai Crypts	15 - 30	Contested	Dungeon	
Dragon Isles	10 - 70	Contested		
Halls of Infusion	40 - 70	Contested	Dungeon	
Bloodmaul Slag Mines	10 - 40	Contested	Dungeon	
Alterac Mountains	7 - 30	Contested		
Algeth'ar Academy	45 - 70	Contested	Dungeon	
The Seat of the Aspects	70	Contested	Raid	
Atal'Aman	80 - 90	Contested		
Sporefall	90	Contested	Raid	
Strand of the Ancients	10 - 60	PvP	Battleground	
Archival Assault	70 - 80	Contested		
Emerald Dreamway	10 - 45	Contested		
Isle of Quel'Danas	90	Contested	Raid	
Maisara Caverns	80 - 90	Contested	Dungeon	
Cinderbrew Meadery	80	Contested	Dungeon	
Darkflame Cleft	80	Contested	Dungeon	
The Den		Contested		
Lunarfall	10 - 40	Contested		
The Lost Isles	1 - 20	Horde		
The Dawnbreaker	80	Contested	Dungeon	
The Underbelly	1 - 90	Contested		
Atal'Aman	83 - 88	Contested		
Shado-Pan Monastery	25 - 70	Contested	Dungeon	
Halls of Lightning	20 - 30	Contested	Dungeon	
Magisters' Terrace	80 - 90	Contested	Dungeon	
Sanctum of Light	1 - 90	Sanctuary	Class Hall	
Troves of the Thunder King	50 - 70	Contested		
Amirdrassil	10 - 80	Contested		
Darkmaul Citadel	15 - 30	Contested	Dungeon	
Drak'Tharon Keep	15 - 30	Contested	Dungeon	
The Mechanar	20 - 30	Contested	Dungeon	
The Stonevault	73 - 80	Contested	Dungeon	
The Battle for Gilneas	60 - 90	PvP	Battleground	
Shimmering Expanse	30 - 35	Contested		
Crystalsong Forest	25 - 30	Contested		
The Jade Forest	10 - 35	Contested		
Priory of the Sacred Flame	75 - 80	Contested	Dungeon	
Torment's Rise	80 - 90	Contested		
The Veiled Stair	30 - 35	Contested		
Dread Wastes	30 - 35	Contested		
The Eastern Glades	10 - 70	Contested		
Operation: Floodgate	80	Contested	Dungeon	
The Forbidden Reach		Contested		
Mardum, the Shattered Abyss	8 - 45	Contested		
Eco-Dome Al'dani	80	Contested	Dungeon	
Isle of Thunder	32 - 35	Contested		
Valley of the Four Winds	15 - 35	Contested		
Nagrand Arena	1	PvP	Arena	
Scarlet Halls	10 - 70	Contested	Dungeon	
Temple of the Jade Serpent	10 - 70	Contested	Dungeon	
Stormstout Brewery	20 - 70	Contested	Dungeon	
Abyssal Depths	30 - 35	Contested		
Heart of the Forest	10 - 58	Sanctuary		
Heart of Fear	35	Contested	Raid	
Fungal Folly	70 - 80	Contested		
Mugambala	10 - 90	PvP	Arena	
City of Threads	80	Contested	Dungeon	
Torghast, Tower of the Damned	50 - 60	Contested		
Vale of Eternal Blossoms	50	Contested		
Twin Peaks	60 - 90	PvP	Battleground	
Tazavesh, the Veiled Market	80	Sanctuary		
Blackrock Depths	80	Contested	Raid	
Dalaran Sewers	1 - 90	Contested		
Krasarang Wilds	15 - 35	Contested		
Nightfall Sanctum	70 - 80	Contested		
Voidstorm	88 - 90	Contested		
Ara-Kara, City of Echoes	77 - 80	Contested	Dungeon	
Spires of Ascension	50 - 60	Contested	Dungeon	
Siege of Niuzao Temple	30 - 70	Contested	Dungeon	
Tol Barad Peninsula	30 - 35	Contested		
Seething Shore	40 - 90	PvP	Battleground	
Netherlight Temple	1 - 90	Sanctuary	Class Hall	
Isle of Quel'Danas	80 - 83	Contested		
Skoldus Hall	50 - 60	Contested		
Kelp'thar Forest	30 - 35	Contested		
Kun-Lai Summit	20 - 35	Contested		
The Lycaneum		Contested		
Blood in the Snow	40 - 70	Contested		
The Adamant Vaults	50 - 60	Contested		
Dreadscar Rift	1 - 90	Sanctuary	Class Hall	
Skyhold	1 - 90	Sanctuary	Class Hall	
Echo Isles	1 - 30	Horde		
Voidrazor Sanctuary	70 - 80	Contested		
Telogrus Rift		Contested		
Eye of Azshara	10 - 45	Contested		
Isle of Giants	35	Contested		
Tyrhold Reservoir	40 - 70	Contested		
Dalaran (Northrend)	1 - 90	Contested		
The Situation in Dalaran	35	Contested		
Uldaman	25 - 70	Contested	Dungeon	
Delves		Contested		
Ritual Site	80 - 90	Contested		
Tak-Rethan Abyss	70 - 80	Contested		
The Waterworks	70 - 80	Contested		
Blade's Edge Arena	10 - 90	PvP	Arena	
The Coliseum	35 - 40	Contested		
Dalaran City	1 - 90	Contested		
Traitor's Rest		Contested		
Chamber of Heart	10 - 60	Contested		
Deephaul Ravine	60 - 90	PvP	Battleground	
Sunstrider Isle	1 - 30	Horde		
Townlong Steppes	25 - 35	Contested		
Ashran	20 - 90	PvP	Battleground	
Tarren Mill vs Southshore	50 - 90	PvP	Battleground	
Awakening The Machine	80	Contested		
Arathi Blizzard	50 - 90	PvP	Battleground	
Cursed Keepsake	1 - 90	Contested		
A Little Patience	20 - 70	Contested		
Mardum, the Shattered Abyss	10 - 45	Sanctuary		
The Vindicaar		Alliance		
Coldridge Valley	1 - 10	Alliance		
Peak of Serenity	20 - 35	Contested		
Theramore's Fall (A)	10 - 35	Alliance		
Queen's Conservatory	50 - 60	Contested		
Arathi Highlands	50	Contested		
The Nighthold	10 - 70	Contested		
Northshire	1 - 30	Alliance		
Sinfall	10 - 60	Contested		
Helheim	10 - 45	Contested		
Mogu'shan Palace	40 - 70	Contested	Dungeon	
The Naglfar	10 - 45	Contested	Dungeon	
Silvershard Mines	60 - 90	PvP	Battleground	
Theramore's Fall (H)	10 - 35	Horde		
Darkshore	50	Alliance		
Escape from the Vault	8 - 45	Contested		
Vision of Orgrimmar	50 - 80	Contested		
Halls of Origination	50	Contested		
Port of Zandalar	10 - 60	Contested		
Cleft of Shadow	1 - 90	Contested		
The Underkeep	70 - 80	Contested		
Wintergrasp	50 - 90	PvP	Battleground	
The Dread Chain	10 - 60	Contested		
Gloaming Reef	10 - 45	Contested		
Shattrath City	20 - 40	Contested		
Snowblossom Village	10 - 60	Contested		
The Spiral Weave	70 - 80	Contested		
Throne of the Four Winds	45	Contested		
The Wandering Isle	1 - 20	Contested		
Nagrand Arena	1 - 90	PvP	Arena	
Brawl'gar Arena	80 - 90	Horde		
Cage of Carnage	50 - 90	PvP	Arena	
The Deaths of Chromie	45	Contested		
Dalaran Arena	10 - 90	PvP	Arena	
Invasion Point: Val	45	Contested		
The Maelstrom	30 - 35	Sanctuary	Class Hall	
Molten Cay	10 - 60	Contested		
Ardenweald	60	Contested		
Chamber of Shadows	1 - 90	Sanctuary	Class Hall	
Deepwind Gorge	50 - 90	PvP	Battleground	
The Dread Pit	70 - 80	Contested		
Earthcrawl Mines	70 - 80	Contested		
Vision of Stormwind	50 - 80	Contested		
New Tinkertown	1 - 30	Alliance		
The Wandering Isle	1 - 20	Sanctuary		
Hall of Awakening	70 - 80	Contested		
Empyrean Domain	10 - 90	PvP	Arena	
The Frozen Throne		Contested		
Invasion Point: Cen'gar	45	Contested		
The Ring of Valor		PvP		
Siege of Orgrimmar	35	Contested	Raid	
Parhelion Plaza		Contested		
Eye of the Storm	20	PvP	Battleground	
Uldum	50	Contested		
Warsong Gulch	10	PvP	Battleground	
Acherus: The Ebon Hold	1 - 90	Sanctuary	Class Hall	
Battle for Blackrock Mountain		Contested		
Dalaran	70 - 73	Contested		
Deathknell	1 - 30	Horde		
The Forgotten Vault	80	Contested		
The Heart of Rage		Contested	Dungeon	
Plaguelands: The Scarlet Enclave	8 - 30	Contested		
Gate of the Setting Sun	40 - 70	Contested	Dungeon	
Ammen Vale	1 - 30	Alliance		
Black Rook Hold Arena	10 - 90	PvP	Arena	
Terrace of Endless Spring	35	Contested	Raid	
Mycomancer Cavern	70 - 80	Contested		
Camp Narache	1 - 30	Horde		
The Robodrome	10 - 90	PvP	Arena	
Shrine of Seven Stars	1 - 90	Alliance		
Skittering Breach	70 - 80	Contested		
Skywall	10 - 45	Contested	Artifact Acquisition	
Tirisfal Glades	10 - 45	Horde		
Ulduar	10 - 45	Contested		
Broken Shore	10 - 45	Contested		
Darkshore	50	Contested		
Hrothgar's Landing	25 - 30	Contested		
The Maelstrom	30 - 35	Sanctuary		
Vision of Orgrimmar	50 - 80	Contested		
Abundant Voidburrow	88 - 90	Contested		
Shal'dorei Terrace	45	Contested	Raid	
Thunder Totem	1 - 90	Contested		
Tirisfal Glades	60	Horde		
Greenstone Village	10 - 70	Contested		
Icecrown Citadel	30	Contested	Artifact Acquisition	
12.1 Ula'Tek Labyrinth	80 - 90	Contested		
Maldraxxus	60	Contested		
Scarlet Halls	50	Contested		
The Sinkhole	70 - 80	Contested		
Bilgewater Harbor	5 - 30	Contested		
Karazhan Catacombs	50	Contested		
Crapopolis		Contested		
Demolition Dome	70 - 80	Contested		
The Frozen Throne	10 - 45	Contested		
Isle of Quel'Danas		Contested		
The Violet Hold	1 - 90	Contested		
Amirdrassil		Contested		
Hall of Communion	10 - 60	Contested		
Slayer's Rise	90	PvP	Battleground	
Valley of Trials	1 - 30	Horde		
Vision of the Twisting Sands	50	Contested		
Ahn'Qiraj: The Fallen Kingdom	15 - 30	Contested		
Boralus Harbor	1 - 90	Contested		
Broken Shore	10 - 45	Contested	Artifact Acquisition	
The Burrows	78 - 80	Contested		
Enigma Crucible	60 - 90	PvP	Arena	
Dummy Dome	90	Contested	Raid	
The Fel Hammer	1 - 90	Sanctuary	Class Hall	
The Sinkhole	70 - 80	Contested		
The Sunwell		Contested		
Arena of Annihilation	25 - 70	Contested		
Tol Dagor	10 - 60	Contested	Dungeon	
Arathi Highlands	80	Contested		
The Tiger's Peak	10 - 90	PvP	Arena	
Crestfall	10 - 60	Contested		
The Exodar	10 - 45	Sanctuary		
Gorgrond	40	Contested		
Arathi Highlands	50	Contested		
Temple of Kotmogu	60 - 90	PvP	Battleground	
The Nexus	35	Contested	Dungeon	
Telogrus Rift	40	Alliance		
The Vindicaar	45	Contested		
Dreadscar Rift	10 - 45	Contested	Artifact Acquisition	
Endless Halls	10 - 60	Contested		
Crypt of Forgotten Kings	25 - 70	Contested		
The Great Seal	1 - 90	Horde		
Jorundall	10 - 60	Contested		
Wastes of K'aresh		Contested	Raid	
Black Rook Hold	10 - 45	Contested		
Darkshore	50	Contested		
Elysian Hold	10 - 53	Contested		
Silithus	10	Contested		
The Soulforges	50 - 60	Contested		
Verdant Wilds	10 - 60	Contested		
Kul Tiras Arena	10 - 90	PvP	Arena	
Azmerloth		Contested		
Brewmoon Festival	25 - 70	Contested		
Deepwind Gorge	60 - 90	PvP	Battleground	
Feralas (copy)	15 - 30	Contested		
Greater Invasion Point: Pit Lord Vilemus	45	Contested		
The Maelstrom	10 - 45	Contested		
Tol'viron Arena	10 - 90	PvP	Arena	
Shadow of Azeroth		Alliance		
Caverns of Time	30	Contested	Raid	
Darkshore	10 - 60	Contested		
The Dig	10 - 70	Contested	Dungeon	
Domination Point	20 - 70	Contested		
Gilneas City		Contested		
Arathi Highlands	80	Contested		
K'aresh		Contested		
The Maelstrom	50	Contested		
Mechagon City		Contested		
Edge of Reality	10 - 40	Contested		
Zuldazar	10 - 60	Contested		
Khaz Algar		Contested		
Arathi Basin	10	PvP	Battleground	
Azuremyst Isle	10 - 45	Sanctuary		
Havenswood	10 - 60	Contested		
Invasion Point: Bonich	45	Contested		
Nokhudon Proving Grounds	61 - 70	PvP	Arena	
Saltstone Mine	30 - 60	Contested		
Mardum, the Shattered Abyss	10 - 45	Contested		
Tirisfal Glades	1 - 30	Horde	Artifact Acquisition	
Voidscar Cavern		Contested		
Arathi Basin		PvP	Battleground	
Assault on Zan'vess	30 - 70	Contested		
Tol Barad	10 - 45	Contested		
The Beyond	10 - 45	Contested	Artifact Acquisition	
Tol Dagor	10 - 60	Contested		
The Emerald Dream	50	Contested		
The Glassed Expanse		Contested	Raid	
Invasion Point: Naigtal	45	Contested		
Mogu'shan Vaults	35	Contested	Raid	
Scarlet Monastery	10 - 30	Contested	Dungeon	
Stormwind	10 - 45	Sanctuary		
Thal'dranath	10 - 45	Contested		
The Veiled Sea	1 - 30	Contested		
Fungal Wasteland		Contested		
Khaz Algar		Contested		
Blade's Edge Arena		PvP	Arena	
Wailing Caverns		Horde		
Dagger in the Dark	20 - 70	Contested		
Darkest Depths	50	Contested	Raid	
Ruins of Gilneas City	5 - 30	Contested		
Unga Ingoo	20 - 70	Contested		
Maldraxxus Coliseum	10 - 90	PvP	Arena	
Nordrassil	30 - 35	Contested	Artifact Acquisition	
Orgrimmar	1 - 90	Contested		
The Rotting Mire	10 - 60	Contested		
Stormsea Landing	32 - 35	Contested		
Tirisfal Glades	1 - 30	Horde		
Twisting Nether	1 - 90	Alliance		
The Wandering Isle	50	Contested		
Abyssal Maw	10 - 45	Contested		
Forge of Aeons		Contested		
Azmourne	70	Contested		
Azsuna	45	Contested		
Chapel Gardens	10 - 30	Contested	Dungeon	
Coldheart Interstitia	50 - 60	Contested		
The Waking Shores [DNT]		Contested		
Val'sharah	45	Contested		
Zanchul	10 - 60	Contested		
Alterac Valley	20 - 90	PvP	Battleground	
The Arcway	45	Contested		
Chamber of Rezan	10 - 60	Contested		
The Ember Court		Contested		
The Dragon's Spine	50	Contested		
Fields of the Eternal Hunt	45	Contested		
The Eye of Eternity	45	Contested		
Eversong Woods	90	Contested		
Felwood	15 - 30	Contested		
Firelands	10 - 45	Contested		
Vault of the Incarnates (V2)		Contested	Raid	
Loaknit Den	83 - 88	Contested		
Sacrificial Pits	10 - 60	Contested	Dungeon	
Temple of Five Dawns	1 - 90	Sanctuary	Class Hall	
The Battle of Thunder Pass	10 - 40	Contested		
The Thunder Forge	32 - 35	Contested		
Torghast, Tower of the Damned	50 - 60	Contested		
Twisting Nether	10 - 45	Contested		
The Warlands	70	Contested		
Azshara	10 - 45	Sanctuary		
Azuremyst Isle	45	Contested		
Coldridge Valley		Contested		
Darkshore	50	Contested		
The Deadmines		Alliance		
The Black Empire	40 - 70	Contested		
Gravid Repose	60	Contested		
The Great Sea	35 - 60	Contested		
De Other Side	10 - 60	Contested		
Dark Heart of Pandaria	40 - 70	Contested		
Hook Point		PvP	Arena	
Baine Rescue	50	Contested		
Temple of the Jade Serpent	10 - 45	Contested		
Tempest's Roar		Horde	Dungeon	
Tempest's Roar		Alliance	Dungeon	
A Brewing Storm	10 - 70	Contested		
War Campaign - Horde	35 - 60	Contested		
Hall of Communion	45	Contested		
Darkflame Cleft	70 - 80	Contested		
Fall of Shan Bu	50 - 70	Contested		
Arathi Highlands		PvP		
Hall of the Keepers	10 - 70	Contested	Dungeon	
The Maelstrom	10 - 45	Contested		
Malorne's Nightmare	10 - 45	Contested		
Niskara	10 - 45	Contested		
[TEMP] Placeholder Area - Level Design Land - Wind Test		Contested		
Proudmoore Keep	10 - 60	Contested		
Greater Invasion Point: Sotanathor	45	Contested		
Southshore vs. Tarren Mill		PvP	Battleground	
Stratholme	45	Contested		
Vilaldoun	80 - 90	Contested		
Voidstorm	88 - 90	Contested	Dungeon	
Ashamane's Fall	10 - 90	PvP	Arena	
The Azure Vault	10 - 70	Contested		
Battle on the High Seas	40 - 70	Contested		
Grand Bazaar	10 - 60	Contested		
Boralus Harbor		Contested	Dungeon	
The Dranosh'ar Blockade	1 - 30	Contested		
Dev Map - Exile's Reach		Contested		
Founders Point Camp		Contested		
Halls of Valor	10 - 80	Contested		
Twilight Highlands	50	Contested		
Icecrown Citadel	50	Contested		
Invasion Point: Aurinor	45	Contested		
Kriegval's Rest	70 - 80	Contested		
Marie Lazar Land		Contested		
Dev Map - Mechagon		Contested		
Nzoth	50	Contested		
The Oculus	10 - 45	Contested		
The Secrets of Ragefire	40 - 70	Contested		
Shadowglen	1 - 30	Alliance		
The Sliver	10 - 60	Contested		
Spirits Be With You	10 - 60	Contested		
Stormwind City	10	Contested		
Underrot		Contested		
A.Z.E.R.O.T.H.	70	Contested		
Great Dark Beyond	10 - 45	Contested		
Black Rook Hold	10 - 45	Contested	Dungeon	
Thros, the Blighted Lands	20 - 60	Contested		
The Violet Citadel	1 - 90	Contested		
Tol Dagor	50	Contested		
[DO NOT DISTURB]		Contested		
Durotar	50	Contested		
The Silver Enclave	1 - 90	Contested		
Escape from the Maw		Contested		
The Eye of Eternity	50	Contested		
The Heartland		PvP	Battleground	
Karazhan	10 - 45	Contested		
Lion's Landing	20 - 70	Contested		
The Maelstrom	45	Sanctuary		
Mort'regar	50 - 60	Contested		
Greater Invasion Point: Occularus	45	Contested		
The Upper Reaches	50 - 60	Contested		
Shattered Grove	10 - 54	Contested		
Stormstout Brewery	10 - 45	Contested		
The Trial of Style	25 - 30	Sanctuary	Dungeon	
Celestial Tournament		Contested		
Uncharted Island	35	Contested		
Borean Tundra	10 - 30	Contested		
Catalyst Wards	60	Contested		
Chill's Reach	10 - 54	Contested		
Magus Commerce Exchange	1 - 90	Contested		
Crypts of the Eternal	60	Contested		
The Eternal Palace	50	Contested		
Gnomeregan	10 - 30	Alliance		
The Great Sea	35 - 60	Contested		
Proving Grounds	10 - 70	Contested		
Hot House	10 - 60	Contested		
Icecrown Citadel	10 - 45	Contested		
The In-Between	50 - 60	Contested		
Hozen Island	10 - 60	Contested		
Tanaan Jungle	10 - 40	Contested		
Katalina Island	10 - 60	Contested		
Mogu'shan Palace	20 - 35	Contested	Dungeon	
Dev Map - Zereth Mortis		Contested		
Content Playground		Contested		
Lair of Predaxas	88 - 90	Contested		
Un'gol Ruins	10 - 60	Contested		
Shield's Rest	10 - 45	Contested		
The Skyfire	10 - 45	Contested		
South Seas	10 - 60	Contested		
Sword of Dawn		Alliance	Dungeon	
Sword of Dawn		Alliance	Dungeon	
Ulderoth		Contested	Dungeon	
Zandalari Treasury	50	Contested		
Alterac Valley	50	Contested		
Crucible of Storms	50	Contested		
Derelict Legion Vessel	80 - 90	Contested		
The Dreamgrove	1 - 90	Sanctuary		
Emerald Dreamway	50	Contested		
Test Dungeon		Contested		
Firelands		Contested		
Hallowfall	1 - 90	Contested		
Greater Invasion Point: Inquisitor Meto	45	Contested		
Invasion Point	45	Contested		
Mulgore	1 - 30	Horde		
The Waking Shores	10 - 70	Contested		
Stormheim	10 - 45	Contested	Artifact Acquisition	
The Battle for Stromgarde	50	Contested		
Black Temple	10 - 45	Contested		
Valley of the Four Winds	15 - 35	Contested		
Warband Camp		Contested		
Warsong Gulch		Contested		
xxOLD - Zuldazar City	10 - 45	Contested		
Antonidas Memorial	1 - 90	Contested		
Assault on Broken Shore	45	Contested		
Azewrath	70	Contested		
BlizzCon 2017		Contested		
Broken Shore DO NOT USE	45	Contested		
Blue Dragon Choice		Contested		
Forlorn Cloister	10 - 30	Contested	Dungeon	
The War Creche		Contested		
The Crystal Hall	10 - 45	Alliance		
Azure Vault (delete me)	10 - 70	Contested	Dungeon	
[DO NOT DISTURB]		Contested		
Emerald Dreamway	10 - 70	Contested		
The Black Empire		Contested		
The Lost Glacier	45	Contested		
Gnomeregan	1 - 90	Alliance		
The Great Sea	10 - 45	Contested		
The Great Sea	10 - 45	Contested		
Highmountain	10 - 45	Contested		
The Hinterlands	10 - 30	Contested		
Realm of the Mage Hunter	10 - 45	Contested		
The Secret Ingredient	20 - 70	Contested		
Greater Invasion Point: Matron Folnuna	45	Contested		
Islands	10 - 60	Contested		
Labyrinth		Contested		
Allied - Lightforged Draenei Unlock		Contested		
The Maelstrom	10 - 70	Contested		
Scarlet Monastery	10 - 45	Contested		
Sully Test Plains		Contested		
To the Skies	32 - 35	Contested		
South Seas	10 - 60	Contested		
Suramar	45	Contested	Artifact Acquisition	
zzoldPriory of the Sacred Flame		Contested	Dungeon	
Greater Invasion Point: Mistress Alluradel	45	Contested		
Small Battleground D		Contested		
Blooming Foundry	60	Contested		
The Fracture Chambers	50 - 60	Contested		
Cinematic Test Map		Contested		
Circle of Wills	1 - 90	Contested		
Aberrus, the Shadowed Crucible	10 - 80	Contested		
Deepholm	10 - 45	Contested	Artifact Acquisition	
[TEMP] Dummy Area - Dev Test (JT)	10 - 45	Contested		
Hillsbrad Foothills	7 - 30	Contested		
The Jade Forest	10 - 35	Contested		
The Great Sea	70 - 73	Contested		
The Halfhill Market	35	Contested		
Halls of Stone		Contested		
Arathi Highlands	50	Contested		
Icecrown Citadel	10	Contested		
Karazhan	10 - 45	Contested		
Rescue Koltira	10 - 45	Contested		
Maldraxxus Coliseum		PvP	Arena	
The Maw	50	Contested		
Nexus-Point Xenas	88 - 90	Contested		
Oribos	60	Contested		
Mardum, the Shattered Abyss	45	Sanctuary		
Sholazar Basin	20 - 30	Contested		
Temple of Elune	10 - 58	Contested		
The Timeways		Sanctuary		
Tirisfal Glades	60	Horde		
Townlong Steppes	25 - 35	Contested		
Vale of Eternal Twilight	50	Contested		
The Twisting Nether	1 - 90	Contested		
The Veiled Stair	30 - 35	Contested		
Vault of the Wardens	8 - 45	Contested		
Wetlands	10 - 30	Contested		
Vault of Y'Shaarj	35	Contested		
zsewell		Contested		
Plain of Actualization	60	Contested		
Ardenweald	10 - 58	Contested		
Ascension Coliseum	60	Contested		
Azmerloth - Timeless Area		Contested		
Blackrock Depths		Alliance		
The Fracture Chambers	50 - 60	Contested		
The Battle for Darkshore	50	Contested		
Boost Experience [TEMP NAME]		Contested		
The Great Sea		Contested		
The Great Sea	80 - 83	Contested		
Halls of Valor	1 - 90	Contested		
Twilight Highlands	30 - 35	Contested		
Kun-Lai Summit	20 - 35	Contested		
The Maw	60	Contested		
The North Sea	1 - 10	Contested		
Hook Point	10 - 60	Contested		
Seat of the Primus	10 - 55	Contested		
Progenitor Zone Area 1		Contested		
RebornTree		Contested		
Pandaren Revolution - No Man's Land		Contested		
Temple of the Jade Serpent	50	Contested	Dungeon	
Shado-Pan Showdown	50 - 90	PvP	Battleground	
Shadowgore Citadel	10 - 45	Contested		
Silvermoon City	90	Contested		
Skittering Hollow	10 - 60	Contested		
The Skyfire	10 - 45	Contested		
Uncharted Territory		PvP	Battleground	
[PH]Mardum Treasures	45	Contested		
Vargoth's Retreat	1 - 90	Contested		
The Veiled Sea	10 - 45	Sanctuary		
Whispering Reef	10 - 60	Contested		
The Zocalo	10 - 60	Contested		
11Test4		Contested		
11Test6		Contested		
Abandoned Creche	70 - 80	Contested		
Akazamzarak's Hat	10 - 45	Contested		
ZZ_AlexandraDD		Contested		
Allied - Kul Tiran Unlock		Contested		
Arathi Basin		Contested		
Blackwing Descent	50	Contested		
Death Knight Campaign Flight Bounds	10 - 45	Contested		
Dalaran Island	1 - 90	Contested		
Damarcus_World		Contested		
The Trial of Faith	40	Contested		
Faralohn	10 - 40	Contested		
The Great Sea	10 - 45	Contested		
The Great Sea	80	Contested		
The Greater Sea (Don't Use)	10 - 45	Contested		
Highmountain	45	Contested		
WB New Hires		Contested		
Invasion Point: Sangua	45	Contested		
Locrian Esper	60	Contested		
Vault of Memory	10 - 53	Contested		
Niskara	10 - 45	Contested	Artifact Acquisition	
Overgrown Canopy		Contested		
The Vortex Pinnacle	10 - 45	Contested		
The Proscenium		Contested		
Runeweaver Square	1 - 90	Contested		
The Ruby Sanctum	45	Contested		
Silithus: The Wound	15 - 30	Contested		
Null Space	90	Contested		
Terrace of the Speakers	10 - 60	Contested		
Stormheim	10 - 45	Contested		
Thornheart	30 - 60	Contested		
Underrot		Contested		
Ursoc's Lair	10 - 45	Contested		
The Veiled Stair	30 - 35	Contested		
The Violet Hold	1 - 90	Contested		
Zone4TyrholdTest		Contested		
Zul'Aman	80 - 90	Contested		
8DesertCanyonTest		Contested		
Alliance Airship		PvP	Battleground	
Dev Area - C		Contested		
Ashvane Docks	10 - 60	Contested		
Hall of Awakening	10	Contested		
Azsuna	10 - 45	Contested	Artifact Acquisition	
Blackrock Depths		Contested		
Dungeon Blockout		Contested		
Cave of the Bloodtotem	1 - 90	Contested		
Brew Bay	1 - 10	Contested		
The Burning Nether		Contested		
The Coiled Isle (copy)		Contested		
[DO NOT DISTURB]		Contested		
[DO NOT DISTURB]		Contested		
[DO NOT DISTURB]		Contested		
Doug Land		Contested		
Durotar	1 - 30	Horde		
[Test] Environment Art - Tina 01		Contested		
The Eye of Eternity	1 - 90	Contested		
Eversong Woods		Horde		
The Exodar	45	Sanctuary		
Hillsbrad Foothills	7 - 30	Contested		
The Forbidden Reach	10	Contested		
The Umbral Forests	60	Contested		
The High Gate	10 - 80	Contested		
Gnomeregan		Alliance		
The Great Sea		Contested		
The Great Sea	10 - 60	Contested		
[TEMP] Hackaton Race		Contested		
The Hinterlands	10 - 30	Contested		
Eastern Kingdoms	1 - 30	Contested		
Marie Lazar Land Panda Farm		Contested		
Lordaeron Garrison		Contested		
Model Test World		Contested		
Ritual Site Outskirts	90	Contested		
The Prison of Ink	50	Contested		
Revendreth	10 - 60	Contested		
Pandaren Revolution		Contested		
Ritual Site	80 - 90	Contested		
Sanctum of Light	10 - 45	Contested		
Sewer Exit Pipe	1 - 90	Contested		
Shadow Core	50 - 60	Contested		
Shane Test Area		Contested		
Silvermoon City, Prop Hunt	1 - 90	Contested		
Sound Room - Audio Smoketest		Contested		
Unity Square	10 - 60	Contested		
Suramar	45	Contested		
Gol Thovas	10 - 60	Contested		
The Throughway	10 - 80	Contested		
Dev Map - Quest Training		Contested		
[TEMP] Tech Test - Seamless World Transition A (JT)		Contested		
Tropical Isle 8.0	10 - 60	Contested		
Vale of Eternal Twilight	50	Contested		
Ulderoth	70	Contested		
Uldir	50	Contested		
Val'sharah	10 - 45	Contested		
Warband Camp		Contested		
Zone2lDoodadtest2		Contested		
Allied - Mag'har Orc Unlock		Contested		
Arcatraz	45	Contested		
Ardenweald	60	Contested		
Dev Area - H (copy)		Contested		
Dev Area - B		Contested		
Atal'Jani	10 - 60	Contested		
awood_dev1		Contested		
Azq'roth	70	Contested		
Tanaan Jungle Flight Bounds	40	Contested		
Continent		Contested		
Crapopolis		Contested		
Edge of Darkness		Contested		
Darkshore	50	Contested		
Sully Test Desert		PvP		
Nazmir [DEVLAND COPY]		Contested		
[DO NOT DISTURB]		Contested		
The Rugged Dragonscale	10 - 70	Contested		
Test Dungeon		Contested		
Dalaran Floating Rocks	1 - 90	Contested		
The Gnoll War		Contested		
Halls of Valor	45	Contested		
Arathi Highlands	50	Contested		
Titan Island	10 - 60	Contested		
IsleCVTest2		Contested		
Temple of Kotmogu	35	Contested		
Kun-Lai Summit	20 - 35	Contested		
KVigue Test		Contested		
LDNewHire		Contested		
The Maddening Deep	78 - 80	Contested		
Allied - Mechagnome Unlock		Contested		
The North Sea		Contested		
The Obsidian Sanctum	50	Contested		
Pandaren Farm Dev	10 - 60	Contested		
Animation Playground		Contested		
sbenyona_dev1		Contested		
Sewer Exit Pipe	1 - 90	Contested		
War of the Shifting Sands - No Man's Land		Contested		
Skyhold	60	Sanctuary		
Hero Stage LD Demo Area		Contested		
Sully Test Start		Sanctuary		
Sunreaver's Sanctuary	1 - 90	Contested		
Amy Test Town		Contested		
James's Dynamic Mount Testground		Contested		
Quest Training		Contested		
Bastion - Treasures	10 - 53	Contested		
Val'sharah	10 - 45	Contested		
AI Test Map - Arathi Basin (Debug Version)		Contested		
Watertusk Inn	10 - 60	Contested		
[TEMP] JT Zandalar Swamp		Contested		
Allied - Zandalari Unlock		Contested		
11Test7		Contested		
Allied - Void Elf Unlock		Contested		
AI Test Map 8 - Arathi Basin		Contested		
Seat of the Archon	10 - 60	Contested		
Azmerloth	70	Contested		
Isle of Blizzcon	1	Contested		
Chamber of Heart	50	Contested		
Chamber of Heart	50	Contested		
CharacterTestSpaceArea_ECannon		Contested		
Dreg_DemoArea		Contested		
Level Design [DEV MAP]		Contested		
10.2 Devland		Contested		
[DO NOT DISTURB]		Contested		
[DO NOT DISTURB]		Contested		
[DO NOT DISTURB]		Contested		
Dornogal Test		Sanctuary		
Dragon Isles		Contested		
Elwynn 2 test	1 - 30	Alliance		
The Eventide	1 - 90	Contested		
Sully Test Forest		Contested		
- QA and DVD GLOBAL -		Contested		
Arathi Highlands	1 - 10	PvP		
Twilight Highlands	30 - 35	Contested		
Interactive World - Night Test	30 - 60	Contested		
Tanaan Invasion	10 - 40	Contested		
Swamp Island	10 - 60	Contested		
Lost Spirit Lounge	10 - 60	Contested		
DEV Lowlands (DO NOT USE)		Contested		
The Cove of Nashal	10 - 45	Contested		
Professions Land	1	Contested		
Proudmoore Barracks	10 - 60	Contested		
Isle of Quel'Danas	90	Contested		
Pit of Saron	45	Contested		
Scarlet Halls	83 - 88	Contested		
War of the Shifting Sands		Contested		
2711- Silvermoon		Contested		
Dev Smoketest Area		Contested		
Solesa naksu [DNT]	50	Contested		
Stormheim		Contested	Dungeon	
Stormheim	45	Contested		
Tal'farrak	10 - 60	Contested		
[UNUSED]	10 - 45	Contested		
VictorCortisLand	10 - 45	Contested		
Bastion - Vignettes	10 - 53	Contested		
Warband_Plains		Contested		
Winter AB		PvP	Battleground	
lost world [ph]	10 - 60	Contested		
[PH] JT Test World		Contested		
12test		Contested		
Map 2437 [DEV AREA]		Contested		
Dev Area - D		Contested		
Dev Area - F		Contested		
Violet Citadel Balcony	1 - 90	Contested		
9.1 Campaign		Contested		
10 Canyon		Contested		
2510 Coreway		Contested		
Aberrus, the Shadowed Crucible	70	Contested		
Tol Dagor	1 - 90	Contested		
Darkglow Hollows		Contested		
Dastardly Duos	10 - 80	Contested		
Dalaran (Deadwind Pass)	1 - 90	Contested		
Azshara_DemoArea		Contested		
[DO NOT DISTURB]		Contested		
[DO NOT DISTURB]		Contested		
[DO NOT DISTURB]		Contested		
[DO NOT DISTURB]		Contested		
Dragonblight	15 - 30	Contested		
Test Dungeon - Gray Area		Contested		
Test Dungeon		Contested		
Dustwallow Marsh UNUSED	50	Contested		
EnvArtMaldraxxus- Battlefield		Contested		
Amy Test Forest		Contested		
The Great Sea	83 - 88	Contested		
The Purge of Grommar	10 - 40	Contested		
[TEMP] Hackaton Race		Contested		
[TEMP] Hackaton CV		Contested		
10 Highlands		Contested		
The Hinterlands	10 - 30	Contested		
[TEMP] CV Kul Tiras Island	1	Contested		
JrzTest		Contested		
The Maiden's Virtue		Contested		
MalDoodadtest		Contested		
Allied - Orgrimmar		Contested		
Prototype	50 - 80	Contested		
Delve Prototype	70 - 80	Contested		
Scarlet Halls	10 - 30	Contested		
Shwayder's Tavern		Contested		
Silvermoon City		Contested		
Silvermoon City		Contested		
Stratholme		Alliance		
Hall of Strength	10 - 60	Contested		
Tak-Rethan Abyss	70 - 80	Contested		
Tal'aman	10 - 60	Contested		
Tazavesh, the Veiled Market		Contested		
Tenebrous Vault	50	Contested		
Little Tortolla	10 - 60	Contested		
Tradewinds Market	1 - 90	Contested		
Vision of the Twisting Sands	50	Contested		
11.0 - Underground Test		Contested		
[TEMP] Underwater Ideation		Contested		
Wonderland	10 - 60	Contested		
10Zone6-Devland		Contested		
11Test1		Contested		
11Test5		Contested		
War Campaign - Alliance	35 - 60	Contested		
Allied - Dark Iron Dwarf Unlock		Contested		
Alllied - Vulpera Unlock		Contested		
Ashvane Company Yards	10 - 60	Contested		
8.2.5 War Campaign	50	Contested		
The Violet Citadel Spire	1 - 90	Contested		
Dampwick Ward	10 - 60	Contested		
Dreg_DemoArea_Flood		Contested		
Env Art Land - Detail Doodad Test		Contested		
Pocket Dimension		Contested		
[DO NOT DISTURB]		Contested		
[DO NOT DISTURB]		Contested		
[DO NOT DISTURB]		Contested		
The Drunken Drummer	10 - 60	Contested		
Test Dungeon - White Area		Contested		
Enigma Arena		PvP		
EnvArtDevMaldraxxus- Pestilence		Contested		
Forbidden Reach - (11.0.5 Version) - Dracthyr for All		Contested		
8.0 Islands - Ship - Player Alliance - Kul'Tiras Medium 01 With Gangplank	10 - 60	Contested		
Gilneas Island	10 - 60	Contested		
The Gnoll War- No Man's Land		Contested		
The Great Sea	10 - 45	Contested		
Helmouth Shallows	10 - 45	Contested	Artifact Acquisition	
Housing_Plots	1 - 90	Sanctuary		
Home Interior		Contested		
[TEMP] CV JulienTest		Contested		
Zone 4 Dev Land		Contested		
Lug'thun's Crater		Contested		
MalPestDoodadTest		Contested		
Mariner's Row	10 - 60	Contested		
The Maw	50	Contested		
12DUR_Oasis_TEST_MCarwen		Contested		
Housing NPC Prototype Neighborhood		Contested		
Allied - Nightborne Unlock		Contested		
Ny'alotha, the Waking City	50	Contested		
A Dark Place	45	Contested		
Warfronts Prototype Main	50	Contested		
Proudmoore Academy	10 - 60	Contested		
Rastakhan's Might	10 - 60	Contested		
Razorwind Camp		Contested		
Undermine	10 - 80	Contested		
The Vindicaar	45	Contested		
Viperville		Contested		
zzOLDBastion		Contested		
11Test3		Contested		
13doodadtest		Contested		
Blackrock Depths		Contested		
Upton Borough	10 - 60	Contested		
Chamber of Heart		Contested		
Crosswind Commons	10 - 60	Contested		
[DO NOT DISTURB]		Contested		
[DO NOT DISTURB]		Contested		
[DO NOT DISTURB]		Contested		
[DO NOT DISTURB]		Contested		
FX - Test Dungeon		Contested		
The Exodar	1 - 90	Sanctuary		
Harandar Dev Land		Contested		
IsleCVTest		Contested		
White Mesa Isles	10 - 60	Contested		
11.2 - Karesh Test		Contested		
PvP POI Dev Land		Contested		
Maldraxxus	50	Contested		
mesten_dev1		Contested		
MSandersTest2016		Contested		
Animation Playground		Contested		
Questfall	5 - 30	Alliance		
RiverZone_Art	10 - 60	Contested		
Castle Nathria ()	10 - 60	Contested		
Shadow Core	50 - 60	Contested		
Shadow Core	50 - 60	Contested		
Silithus Brawl		Contested		
SinewTestArea		Contested		
Rock Spire	10 - 60	Contested		
Allied - Stormwind		Contested		
Terrace of the Chosen	10 - 60	Contested		
[TEMP] Tech Test - Seamless World Transition B (JT)		Contested		
Twitching Gorge	78 - 80	Contested		
The Vindicaar	45	Contested		
11.0 warband camp		Contested		
Wetlands	10 - 30	Contested		
Zone2lDoodadtest		Contested		
11Test2		Contested		
Dev Area - A		Contested		
Dev Area - I		Contested		
PTH Test Area		Contested		
Temple of the White Tiger Flight Bounds	10 - 45	Contested		
CursedPrototype	10 - 60	Contested		
Durotar_DemoArea		Contested		
[DO NOT DISTURB]		Contested		
Legion Dungeon	10 - 45	Contested		
Francesco test - internal only		Contested		
Gnomeregan		Alliance		
Arathi Highlands RPE	80	Contested		
Allied - Highmountain Tauren Unlock		Contested		
Icecrown	25 - 30	Contested		
Julien Test Land		Contested		
Stormsong Monastery	10 - 60	Contested		
12.0 WB Playground		Contested		
The Old Seawall	10 - 60	Contested		
Warden Tower TEMP	10 - 45	Contested		
11 Zone3		Contested		
Defense of Karabor	10 - 40	Contested	
Name, Level, Terrirory, Instance, Type
The Venomous Abyss	90	Contested	Raid	
Temple of Sethraliss	10 - 60	Contested	Dungeon	
Karazhan	30	Contested	Raid	
Naxxramas	30	Contested	Raid	
Stormwind City	1 - 90	Alliance		
Kings' Rest	50	Contested	Dungeon	
Wetlands	10 - 30	Alliance		
Mount Hyjal	30 - 35	Contested		
Blackrock Depths	20 - 30	Contested	Dungeon	
Shadowfang Keep	8 - 30	Horde	Dungeon	
Blackfathom Deeps	10 - 30	Contested	Dungeon	
Altar of Fangs	80 - 90	Contested	Dungeon	
Elwynn Forest	1 - 30	Alliance		
Ashenvale	7 - 30	Contested		
Tomb of Sargeras	35	Contested	Raid	
Orgrimmar	1 - 90	Horde		
Blackwing Lair	30	Contested	Raid	
Antorus, the Burning Throne	1 - 90	Contested	Raid	
Wailing Caverns	8 - 30	Horde	Dungeon	
Ny'alotha, the Waking City	50	Contested	Raid	
Black Temple	30	Contested	Raid	
Vol'dun	30 - 60	Contested		
Venomfall Deeps	80 - 90	Contested		
Tirisfal Glades	1 - 30	Horde		
The Deadmines	7 - 30	Alliance	Dungeon	
Thunder Bluff	1 - 90	Horde		
Aberrus, the Shadowed Crucible	70	Contested	Raid	
Murder Row	80 - 90	Contested	Dungeon	
The Blinding Vale	80 - 90	Contested	Dungeon	
Duskwood	10 - 30	Alliance		
Ulduar	30	Contested	Raid	
Molten Core	30	Contested	Raid	
Ruins of Lordaeron	10 - 90	PvP	Arena	
Icecrown Citadel	30	Contested	Raid	
Zul'Aman	35	Contested	Dungeon	
Sanctum of Domination	60	Contested	Raid	
The Nighthold	30	Contested	Raid	
The Tidebound Grotto	90	Contested	Raid	
Amirdrassil, the Dream's Hope	70	Contested	Raid	
Dun Morogh	1 - 30	Alliance		
Battle of Dazar'alor	50	Contested	Raid	
Firelands	35	Contested	Raid	
The Ring of Glory	80 - 90	Contested		
Harandar	83 - 88	Contested		
Northern Stranglethorn	10 - 30	Contested		
Darkshore	5 - 30	Alliance		
Parhelion Plaza	80 - 90	Contested		
Mulgore	1 - 30	Horde		
Ragefire Chasm	7 - 30	Horde	Dungeon	
Sepulcher of the First Ones	60	Contested	Raid	
Westfall	5 - 30	Alliance		
The Coiled Isle	90	Contested		
Dalaran	1 - 90	Sanctuary		
Darnassus	1 - 90	Alliance		
Dragon Soul	35	Contested	Raid	
The Waking Shores	10 - 70	Contested		
Undercity	1 - 90	Horde		
Voidscar Arena	80 - 90	Contested	Dungeon	
Razorwind Shores	1 - 90	Sanctuary		
Ruins of Lordaeron	10	Contested		
Onyxia's Lair	30	Contested	Raid	
Uldum	30 - 35	Contested		
Hellfire Citadel	40	Contested	Raid	
The Emerald Nightmare	20	Contested	Raid	
Hillsbrad Foothills	7 - 30	Horde		
Ruby Life Pools	10 - 70	Contested	Dungeon	
Castle Nathria	60	Contested	Raid	
Sunwell Plateau	30	Contested	Raid	
Silvermoon City	1 - 90	Sanctuary		
Grim Batol	30 - 35	Contested	Dungeon	
Collegiate Calamity	80 - 90	Contested		
Silverpine Forest	5 - 30	Horde		
Vaults of Atal'Utek	90	Contested		
Stratholme	20 - 30	Contested	Dungeon	
Vault of the Incarnates	70	Contested	Raid	
Dustwallow Marsh	15 - 30	Contested		
Arathi Highlands	10 - 30	Contested		
Founder's Point	1 - 90	Sanctuary		
Blackrock Foundry	40	Contested	Raid	
Den of Nalorakk	80 - 90	Contested	Dungeon	
Uldir	50	Contested	Raid	
Stonetalon Mountains	10 - 30	Contested		
Temple of Ahn'Qiraj	30	Contested	Raid	
Redridge Mountains	7 - 30	Alliance		
Nagrand	15 - 30	Contested		
Drustvar	20 - 60	Contested		
Eversong Woods	80 - 83	Contested		
Twilight Crypts	80 - 90	Contested		
Dawn of the Infinite	10 - 70	Contested	Dungeon	
Dornogal	1 - 90	Sanctuary		
Dire Maul	15 - 30	Contested	Dungeon	
Dalaran	1 - 90	Sanctuary		
Nazjatar	50	Contested		
Hellfire Peninsula	10 - 30	Contested		
Scarlet Monastery	10 - 30	Horde	Dungeon	
Durotar	1 - 30	Horde		
Ironforge	1 - 90	Alliance		
Razorfen Kraul	10 - 30	Horde	Dungeon	
Suramar	45	Contested		
Tazavesh, the Veiled Market	60	Contested	Dungeon	
Val	80 - 90	Contested		
Northern Barrens	5 - 30	Horde		
The Eye	30	Contested	Raid	
Hyjal Summit	30	Contested	Raid	
Return to Karazhan	45	Contested	Dungeon	
Voidstorm	88 - 90	Contested		
Mechagon	10 - 60	Contested		
Stormsong Valley	30 - 60	Contested		
Tanaris	15 - 30	Contested		
Zuldazar	10 - 60	Contested		
The Slave Pens	10 - 30	Contested	Dungeon	
Twilight Highlands	30 - 35	Contested		
Deeprun Tram	1 - 30	Alliance	Transit	
The Eye of Eternity	30	Contested	Raid	
The Bastion of Twilight	35	Contested	Raid	
The Azure Span	30 - 70	Contested		
Sunken Temple	20 - 30	Contested	Dungeon	
Valdrakken	1 - 90	Sanctuary		
Molten Front	32 - 35	Contested		
Thousand Needles	15 - 30	Contested		
Isle of Dorn	70 - 73	Contested		
Serpentshrine Cavern	30	Contested	Raid	
Blackrock Mountain	20 - 30	Contested		
Hellfire Ramparts	10 - 30	Contested	Dungeon	
Isle of Quel'Danas	25 - 30	Contested		
The Stockade	10 - 30	Alliance	Dungeon	
The Eternal Palace	50	Contested	Raid	
The MOTHERLODE!!	10 - 60	Contested	Dungeon	
Netherstorm	25 - 30	Contested		
The Ringing Deeps	73 - 75	Contested		
Blade's Edge Mountains	20 - 30	Contested		
Zul'Gurub	35	Contested	Dungeon	
Hallowfall	75 - 78	Contested		
Badlands	15 - 30	Contested		
Deepholm	30 - 35	Contested		
Manaforge Omega	80	Contested	Raid	
Boralus	10 - 60	Contested		
Ohn'ahran Plains	20 - 70	Contested		
Blackwing Descent	35	Contested	Raid	
The Stonecore	30 - 35	Contested	Dungeon	
Teldrassil	1 - 30	Alliance		
Razorfen Downs	15 - 30	Contested	Dungeon	
Gnomeregan	10 - 30	Alliance	Dungeon	
Emerald Dream	70	Contested		
Ghostlands	1 - 30	Horde		
Tiragarde Sound	10 - 60	Contested		
Excavation Site 9	70 - 80	Contested		
Liberation of Undermine	80	Contested	Raid	
Upper Blackrock Spire	35 - 40	Contested	Dungeon	
Vashj'ir	30 - 35	Contested		
Highmaul	40	Contested	Raid	
Undermine	80	Contested		
Deadwind Pass	10 - 30	Contested		
Dragonblight	15 - 30	Contested		
Shattrath City	1 - 90	Sanctuary		
The Underrot	10 - 60	Contested	Dungeon	
Zereth Mortis	60	Contested		
Uldaman	15 - 30	Contested	Dungeon	
Zangarmarsh	10 - 30	Contested		
Nerub-ar Palace	80	Contested	Raid	
Slayer's Rise	88 - 90	Contested		
The Storm Peaks	25 - 30	Contested		
Moonglade	1 - 30	Contested		
Gilneas	1 - 20	Alliance		
Throne of the Four Winds	35	Contested	Raid	
Shadowmoon Valley	25 - 30	Contested		
Magisters' Terrace	25 - 30	Contested	Dungeon	
Naigtal	80 - 90	Contested		
Azuremyst Isle	1 - 30	Alliance		
The Grudge Pit	80 - 90	Contested		
Swamp of Sorrows	15 - 30	Contested		
The Shattered Halls	20 - 30	Contested	Dungeon	
Blackrock Spire	20 - 30	Contested	Dungeon	
Trial of the Crusader	30	Contested	Raid	
Sethekk Halls	15 - 30	Contested	Dungeon	
Silvermoon City (Burning Crusade)	1 - 90	Horde		
The Underbog	10 - 30	Contested	Dungeon	
Zul'Aman	83 - 88	Contested		
Burning Steppes	15 - 30	Contested		
Southern Barrens	10 - 30	Contested		
Dazar'alor	1 - 90	Contested		
Pit of Saron	25 - 30	Contested	Dungeon	
Darkmoon Island	1	Contested		
Felwood	15 - 30	Contested		
Icecrown	25 - 30	Contested		
Winterspring	15 - 30	Contested		
The Darkway	80 - 90	Contested		
Vault of the Wardens	20	Contested	Dungeon	
Vault of Archavon	30	Contested	Raid	
Loch Modan	5 - 30	Alliance		
Val'sharah	10 - 45	Contested		
Revendreth	10 - 60	Contested		
The Steamvault	20 - 30	Contested	Dungeon	
Sholazar Basin	20 - 30	Contested		
Silithus	15 - 30	Contested		
Zaralek Cavern	70	Contested		
Arcantina	83 - 90	Contested		
Old Hillsbrad Foothills	15 - 30	Contested	Dungeon	
Maldraxxus	10 - 55	Contested		
Arathi Basin	60 - 90	PvP	Battleground	
Eastern Plaguelands	15 - 30	Contested		
Freehold	10 - 60	Contested	Dungeon	
Azshara	5 - 30	Horde		
Blasted Lands	15 - 30	Contested		
Desolace	10 - 30	Contested		
The Shadow Enclave	80 - 90	Contested		
Gnarldor Isle	80 - 90	Contested		
Terokkar Forest	15 - 30	Contested		
Broken Shore	45	Contested		
Borean Tundra	10 - 30	Contested		
Un'Goro Crater	15 - 30	Contested		
The Hinterlands	10 - 30	Contested		
The Voidspire	90	Contested	Raid	
Scholomance	15 - 30	Contested	Dungeon	
The Culling of Stratholme	25 - 30	Contested	Dungeon	
Eversong Woods (Burning Crusade)	1 - 30	Horde		
Tanaan Jungle	40	Contested		
Court of Stars	45	Contested	Dungeon	
Iron Docks	15 - 40	Contested	Dungeon	
Halls of Valor	10	Contested	Dungeon	
The Maw	60	Contested		
Cathedral of Eternal Night	45	Contested	Dungeon	
Tol Dagor	10 - 60	Contested	Dungeon	
Frostfire Ridge	10 - 40	Contested		
Highmountain	10 - 45	Contested		
Shadowguard Point	80 - 90	Contested		
Trial of Valor	25	Contested	Raid	
Operation: Mechagon	50	Contested	Dungeon	
Maw of Souls	20	Contested	Dungeon	
Crucible of Storms	50	Contested	Raid	
The Gulf of Memory	80 - 90	Contested		
The Vortex Pinnacle	30 - 35	Contested	Dungeon	
Waycrest Manor	10 - 60	Contested	Dungeon	
Tol Barad	30 - 35	World PvP		
Mana-Tombs	15 - 30	Contested	Dungeon	
Neltharion's Lair	10	Contested	Dungeon	
Siege of Orgrimmar	35	Contested	Raid	
Wintergrasp	25 - 30	World PvP		
The Exodar	1 - 90	Alliance		
Howling Fjord	10 - 30	Contested		
Spires of Arak	30 - 40	Contested		
Ardenweald	10 - 58	Contested		
Azsuna	10 - 45	Contested		
Bloodmyst Isle	1 - 30	Alliance		
Trueshot Lodge	1 - 90	Sanctuary	Class Hall	
Feralas	15 - 30	Contested		
Maraudon	10 - 30	Contested	Dungeon	
The Obsidian Sanctum	30	Contested	Raid	
Eye of the Storm	50 - 90	PvP	Battleground	
Nazmir	20 - 60	Contested		
Sanguine Depths	50 - 60	Contested	Dungeon	
Atal'Dazar	10 - 60	Contested	Dungeon	
Eye of Azshara	10	Contested	Dungeon	
Gorgrond	15 - 40	Contested		
The Cape of Stranglethorn	10 - 30	Contested		
Skyreach	30 - 40	Contested	Dungeon	
Grizzly Hills	15 - 30	Contested		
Siege of Boralus	50	Contested	Dungeon	
Thaldraszus	40 - 70	Contested		
Zul'Farrak	15 - 30	Contested	Dungeon	
Well of Eternity	35	Contested	Dungeon	
Searing Gorge	15 - 30	Contested		
Shadowmoon Valley	10 - 40	Contested		
Plaguefall	50 - 60	Contested	Dungeon	
The Seat of the Triumvirate	45	Contested	Dungeon	
Black Rook Hold		Contested	Dungeon	
Ahn'kahet: The Old Kingdom	15 - 30	Contested	Dungeon	
Shrine of the Storm	10 - 60	Contested	Dungeon	
Exile's Reach	1 - 10	Contested		
Western Plaguelands	15 - 30	Contested		
Azj-Kahet	78 - 80	Contested		
Stranglethorn Vale	10 - 30	Contested		
The Blood Furnace	10 - 30	Contested	Dungeon	
Zul'Drak	20 - 30	Contested		
The Black Morass	25 - 30	Contested	Dungeon	
Stormshield	1 - 90	Alliance		
Throne of Thunder	35	Contested	Raid	
Blackrock Caverns	30 - 35	Contested	Dungeon	
Darkheart Thicket	20	Contested	Dungeon	
Violet Hold	10 - 45	Contested	Dungeon	
Nagrand	35 - 40	Contested		
Halls of Origination	30 - 35	Contested	Dungeon	
Ruins of Ahn'Qiraj	30	Contested	Raid	
Gruul's Lair	30	Contested	Raid	
Siren Isle	80	Contested		
Stormheim	10 - 45	Contested		
Shadow Labyrinth	20 - 30	Contested	Dungeon	
Auchindoun	20 - 40	Contested	Dungeon	
Baradin Hold	35	Contested	Raid	
Bastion	10 - 53	Contested		
Grimrail Depot	35 - 40	Contested	Dungeon	
Magtheridon's Lair	30	Contested	Raid	
Utgarde Pinnacle	20 - 30	Contested	Dungeon	
Halls of Reflection	25 - 30	Contested	Dungeon	
Talador	20 - 40	Contested		
Throne of the Tides	30 - 35	Contested	Dungeon	
The Necrotic Wake	50 - 60	Contested	Dungeon	
Alterac Valley	20 - 90	PvP	Battleground	
The Arcatraz	25 - 30	Contested	Dungeon	
Antoran Wastes	45	Contested		
K'aresh	80	Contested		
Masters' Perch	88 - 90	Sanctuary		
Trial of the Champion	25 - 30	Contested	Dungeon	
Ashran	10 - 40	World PvP		
Windrunner Spire	80 - 90	Contested	Dungeon	
End Time	35	Contested	Dungeon	
Halls of Atonement	50 - 60	Contested	Dungeon	
The Botanica	20 - 30	Contested	Dungeon	
The Nexus	10 - 30	Contested	Dungeon	
Lost City of the Tol'vir	30 - 35	Contested	Dungeon	
Warspear	1 - 90	Horde		
The Arcway	45	Contested	Dungeon	
Krokuun	45	Contested		
Warsong Gulch	60 - 90	PvP	Battleground	
Kezan	1 - 20	Horde		
Sunkiller Sanctum	80 - 90	Contested		
The Forge of Souls	25 - 30	Contested	Dungeon	
Hall of the Guardian	1 - 90	Sanctuary	Class Hall	
Eredath	45	Contested		
City of Threads	78 - 80	Contested		
Brackenhide Hollow	30 - 70	Contested	Dungeon	
The Dreamrift	90	Contested	Raid	
The Oculus	20 - 30	Contested	Dungeon	
De Other Side	50 - 60	Contested	Dungeon	
Theater of Pain	50 - 60	Contested	Dungeon	
Neltharus	15 - 70	Contested	Dungeon	
The Ruby Sanctum	30	Contested	Raid	
Hour of Twilight	35	Contested	Dungeon	
GM Island	1 - 30	Contested		
Mogu'shan Vaults	35	Contested	Raid	
The Nokhud Offensive	20 - 70	Contested	Dungeon	
Utgarde Keep	10 - 30	Contested	Dungeon	
Vision of Stormwind	50 - 80	Contested		
Halls of Stone	20 - 30	Contested	Dungeon	
The Everbloom	35 - 40	Contested	Dungeon	
Korthia	60	Contested		
Terrace of Endless Spring	35	Contested	Raid	
The Rookery	71 - 80	Contested	Dungeon	
Zekvir's Lair	70 - 80	Contested		
The Azure Vault	35 - 70	Contested	Dungeon	
Mists of Tirna Scithe	50 - 60	Contested	Dungeon	
Timeless Isle	30 - 35	Contested		
Isle of Conquest	20 - 90	PvP	Battleground	
Gilneas City	1 - 20	Alliance		
Nexus-Point Xenas	80 - 90	Contested	Dungeon	
The Violet Hold	15 - 30	Contested	Dungeon	
Frostwall	10 - 40	Contested		
Shadowmoon Burial Grounds	10 - 40	Contested	Dungeon	
Azjol-Nerub	15 - 30	Contested	Dungeon	
Gundrak	20 - 30	Contested	Dungeon	
The Primalist Future	40 - 70	Contested		
Oribos	1 - 90	Sanctuary		
Pursuing the Black Harvest	35	Contested		
Vale of Eternal Blossoms	30 - 35	Contested		
The Dreamgrove	1 - 90	Sanctuary	Class Hall	
The Forbidden Reach	70	Contested		
Scarlet Monastery	10 - 70	Contested	Dungeon	
Ritual Site	80 - 90	Contested		
Scholomance	10 - 70	Contested	Dungeon	
Ruins of Gilneas	1 - 20	Alliance		
Sidestreet Sluice	70 - 80	Contested		
Auchenai Crypts	15 - 30	Contested	Dungeon	
Dragon Isles	10 - 70	Contested		
Halls of Infusion	40 - 70	Contested	Dungeon	
Bloodmaul Slag Mines	10 - 40	Contested	Dungeon	
Alterac Mountains	7 - 30	Contested		
Algeth'ar Academy	45 - 70	Contested	Dungeon	
The Seat of the Aspects	70	Contested	Raid	
Atal'Aman	80 - 90	Contested		
Sporefall	90	Contested	Raid	
Strand of the Ancients	10 - 60	PvP	Battleground	
Archival Assault	70 - 80	Contested		
Emerald Dreamway	10 - 45	Contested		
Isle of Quel'Danas	90	Contested	Raid	
Maisara Caverns	80 - 90	Contested	Dungeon	
Cinderbrew Meadery	80	Contested	Dungeon	
Darkflame Cleft	80	Contested	Dungeon	
The Den		Contested		
Lunarfall	10 - 40	Contested		
The Lost Isles	1 - 20	Horde		
The Dawnbreaker	80	Contested	Dungeon	
The Underbelly	1 - 90	Contested		
Atal'Aman	83 - 88	Contested		
Shado-Pan Monastery	25 - 70	Contested	Dungeon	
Halls of Lightning	20 - 30	Contested	Dungeon	
Magisters' Terrace	80 - 90	Contested	Dungeon	
Sanctum of Light	1 - 90	Sanctuary	Class Hall	
Troves of the Thunder King	50 - 70	Contested		
Amirdrassil	10 - 80	Contested		
Darkmaul Citadel	15 - 30	Contested	Dungeon	
Drak'Tharon Keep	15 - 30	Contested	Dungeon	
The Mechanar	20 - 30	Contested	Dungeon	
The Stonevault	73 - 80	Contested	Dungeon	
The Battle for Gilneas	60 - 90	PvP	Battleground	
Shimmering Expanse	30 - 35	Contested		
Crystalsong Forest	25 - 30	Contested		
The Jade Forest	10 - 35	Contested		
Priory of the Sacred Flame	75 - 80	Contested	Dungeon	
Torment's Rise	80 - 90	Contested		
The Veiled Stair	30 - 35	Contested		
Dread Wastes	30 - 35	Contested		
The Eastern Glades	10 - 70	Contested		
Operation: Floodgate	80	Contested	Dungeon	
The Forbidden Reach		Contested		
Mardum, the Shattered Abyss	8 - 45	Contested		
Eco-Dome Al'dani	80	Contested	Dungeon	
Isle of Thunder	32 - 35	Contested		
Valley of the Four Winds	15 - 35	Contested		
Nagrand Arena	1	PvP	Arena	
Scarlet Halls	10 - 70	Contested	Dungeon	
Temple of the Jade Serpent	10 - 70	Contested	Dungeon	
Stormstout Brewery	20 - 70	Contested	Dungeon	
Abyssal Depths	30 - 35	Contested		
Heart of the Forest	10 - 58	Sanctuary		
Heart of Fear	35	Contested	Raid	
Fungal Folly	70 - 80	Contested		
Mugambala	10 - 90	PvP	Arena	
City of Threads	80	Contested	Dungeon	
Torghast, Tower of the Damned	50 - 60	Contested		
Vale of Eternal Blossoms	50	Contested		
Twin Peaks	60 - 90	PvP	Battleground	
Tazavesh, the Veiled Market	80	Sanctuary		
Blackrock Depths	80	Contested	Raid	
Dalaran Sewers	1 - 90	Contested		
Krasarang Wilds	15 - 35	Contested		
Nightfall Sanctum	70 - 80	Contested		
Voidstorm	88 - 90	Contested		
Ara-Kara, City of Echoes	77 - 80	Contested	Dungeon	
Spires of Ascension	50 - 60	Contested	Dungeon	
Siege of Niuzao Temple	30 - 70	Contested	Dungeon	
Tol Barad Peninsula	30 - 35	Contested		
Seething Shore	40 - 90	PvP	Battleground	
Netherlight Temple	1 - 90	Sanctuary	Class Hall	
Isle of Quel'Danas	80 - 83	Contested		
Skoldus Hall	50 - 60	Contested		
Kelp'thar Forest	30 - 35	Contested		
Kun-Lai Summit	20 - 35	Contested		
The Lycaneum		Contested		
Blood in the Snow	40 - 70	Contested		
The Adamant Vaults	50 - 60	Contested		
Dreadscar Rift	1 - 90	Sanctuary	Class Hall	
Skyhold	1 - 90	Sanctuary	Class Hall	
Echo Isles	1 - 30	Horde		
Voidrazor Sanctuary	70 - 80	Contested		
Telogrus Rift		Contested		
Eye of Azshara	10 - 45	Contested		
Isle of Giants	35	Contested		
Tyrhold Reservoir	40 - 70	Contested		
Dalaran (Northrend)	1 - 90	Contested		
The Situation in Dalaran	35	Contested		
Uldaman	25 - 70	Contested	Dungeon	
Delves		Contested		
Ritual Site	80 - 90	Contested		
Tak-Rethan Abyss	70 - 80	Contested		
The Waterworks	70 - 80	Contested		
Blade's Edge Arena	10 - 90	PvP	Arena	
The Coliseum	35 - 40	Contested		
Dalaran City	1 - 90	Contested		
Traitor's Rest		Contested		
Chamber of Heart	10 - 60	Contested		
Deephaul Ravine	60 - 90	PvP	Battleground	
Sunstrider Isle	1 - 30	Horde		
Townlong Steppes	25 - 35	Contested		
Ashran	20 - 90	PvP	Battleground	
Tarren Mill vs Southshore	50 - 90	PvP	Battleground	
Awakening The Machine	80	Contested		
Arathi Blizzard	50 - 90	PvP	Battleground	
Cursed Keepsake	1 - 90	Contested		
A Little Patience	20 - 70	Contested		
Mardum, the Shattered Abyss	10 - 45	Sanctuary		
The Vindicaar		Alliance		
Coldridge Valley	1 - 10	Alliance		
Peak of Serenity	20 - 35	Contested		
Theramore's Fall (A)	10 - 35	Alliance		
Queen's Conservatory	50 - 60	Contested		
Arathi Highlands	50	Contested		
The Nighthold	10 - 70	Contested		
Northshire	1 - 30	Alliance		
Sinfall	10 - 60	Contested		
Helheim	10 - 45	Contested		
Mogu'shan Palace	40 - 70	Contested	Dungeon	
The Naglfar	10 - 45	Contested	Dungeon	
Silvershard Mines	60 - 90	PvP	Battleground	
Theramore's Fall (H)	10 - 35	Horde		
Darkshore	50	Alliance		
Escape from the Vault	8 - 45	Contested		
Vision of Orgrimmar	50 - 80	Contested		
Halls of Origination	50	Contested		
Port of Zandalar	10 - 60	Contested		
Cleft of Shadow	1 - 90	Contested		
The Underkeep	70 - 80	Contested		
Wintergrasp	50 - 90	PvP	Battleground	
The Dread Chain	10 - 60	Contested		
Gloaming Reef	10 - 45	Contested		
Shattrath City	20 - 40	Contested		
Snowblossom Village	10 - 60	Contested		
The Spiral Weave	70 - 80	Contested		
Throne of the Four Winds	45	Contested		
The Wandering Isle	1 - 20	Contested		
Nagrand Arena	1 - 90	PvP	Arena	
Brawl'gar Arena	80 - 90	Horde		
Cage of Carnage	50 - 90	PvP	Arena	
The Deaths of Chromie	45	Contested		
Dalaran Arena	10 - 90	PvP	Arena	
Invasion Point: Val	45	Contested		
The Maelstrom	30 - 35	Sanctuary	Class Hall	
Molten Cay	10 - 60	Contested		
Ardenweald	60	Contested		
Chamber of Shadows	1 - 90	Sanctuary	Class Hall	
Deepwind Gorge	50 - 90	PvP	Battleground	
The Dread Pit	70 - 80	Contested		
Earthcrawl Mines	70 - 80	Contested		
Vision of Stormwind	50 - 80	Contested		
New Tinkertown	1 - 30	Alliance		
The Wandering Isle	1 - 20	Sanctuary		
Hall of Awakening	70 - 80	Contested		
Empyrean Domain	10 - 90	PvP	Arena	
The Frozen Throne		Contested		
Invasion Point: Cen'gar	45	Contested		
The Ring of Valor		PvP		
Siege of Orgrimmar	35	Contested	Raid	
Parhelion Plaza		Contested		
Eye of the Storm	20	PvP	Battleground	
Uldum	50	Contested		
Warsong Gulch	10	PvP	Battleground	
Acherus: The Ebon Hold	1 - 90	Sanctuary	Class Hall	
Battle for Blackrock Mountain		Contested		
Dalaran	70 - 73	Contested		
Deathknell	1 - 30	Horde		
The Forgotten Vault	80	Contested		
The Heart of Rage		Contested	Dungeon	
Plaguelands: The Scarlet Enclave	8 - 30	Contested		
Gate of the Setting Sun	40 - 70	Contested	Dungeon	
Ammen Vale	1 - 30	Alliance		
Black Rook Hold Arena	10 - 90	PvP	Arena	
Terrace of Endless Spring	35	Contested	Raid	
Mycomancer Cavern	70 - 80	Contested		
Camp Narache	1 - 30	Horde		
The Robodrome	10 - 90	PvP	Arena	
Shrine of Seven Stars	1 - 90	Alliance		
Skittering Breach	70 - 80	Contested		
Skywall	10 - 45	Contested	Artifact Acquisition	
Tirisfal Glades	10 - 45	Horde		
Ulduar	10 - 45	Contested		
Broken Shore	10 - 45	Contested		
Darkshore	50	Contested		
Hrothgar's Landing	25 - 30	Contested		
The Maelstrom	30 - 35	Sanctuary		
Vision of Orgrimmar	50 - 80	Contested		
Abundant Voidburrow	88 - 90	Contested		
Shal'dorei Terrace	45	Contested	Raid	
Thunder Totem	1 - 90	Contested		
Tirisfal Glades	60	Horde		
Greenstone Village	10 - 70	Contested		
Icecrown Citadel	30	Contested	Artifact Acquisition	
12.1 Ula'Tek Labyrinth	80 - 90	Contested		
Maldraxxus	60	Contested		
Scarlet Halls	50	Contested		
The Sinkhole	70 - 80	Contested		
Bilgewater Harbor	5 - 30	Contested		
Karazhan Catacombs	50	Contested		
Crapopolis		Contested		
Demolition Dome	70 - 80	Contested		
The Frozen Throne	10 - 45	Contested		
Isle of Quel'Danas		Contested		
The Violet Hold	1 - 90	Contested		
Amirdrassil		Contested		
Hall of Communion	10 - 60	Contested		
Slayer's Rise	90	PvP	Battleground	
Valley of Trials	1 - 30	Horde		
Vision of the Twisting Sands	50	Contested		
Ahn'Qiraj: The Fallen Kingdom	15 - 30	Contested		
Boralus Harbor	1 - 90	Contested		
Broken Shore	10 - 45	Contested	Artifact Acquisition	
The Burrows	78 - 80	Contested		
Enigma Crucible	60 - 90	PvP	Arena	
Dummy Dome	90	Contested	Raid	
The Fel Hammer	1 - 90	Sanctuary	Class Hall	
The Sinkhole	70 - 80	Contested		
The Sunwell		Contested		
Arena of Annihilation	25 - 70	Contested		
Tol Dagor	10 - 60	Contested	Dungeon	
Arathi Highlands	80	Contested		
The Tiger's Peak	10 - 90	PvP	Arena	
Crestfall	10 - 60	Contested		
The Exodar	10 - 45	Sanctuary		
Gorgrond	40	Contested		
Arathi Highlands	50	Contested		
Temple of Kotmogu	60 - 90	PvP	Battleground	
The Nexus	35	Contested	Dungeon	
Telogrus Rift	40	Alliance		
The Vindicaar	45	Contested		
Dreadscar Rift	10 - 45	Contested	Artifact Acquisition	
Endless Halls	10 - 60	Contested		
Crypt of Forgotten Kings	25 - 70	Contested		
The Great Seal	1 - 90	Horde		
Jorundall	10 - 60	Contested		
Wastes of K'aresh		Contested	Raid	
Black Rook Hold	10 - 45	Contested		
Darkshore	50	Contested		
Elysian Hold	10 - 53	Contested		
Silithus	10	Contested		
The Soulforges	50 - 60	Contested		
Verdant Wilds	10 - 60	Contested		
Kul Tiras Arena	10 - 90	PvP	Arena	
Azmerloth		Contested		
Brewmoon Festival	25 - 70	Contested		
Deepwind Gorge	60 - 90	PvP	Battleground	
Feralas (copy)	15 - 30	Contested		
Greater Invasion Point: Pit Lord Vilemus	45	Contested		
The Maelstrom	10 - 45	Contested		
Tol'viron Arena	10 - 90	PvP	Arena	
Shadow of Azeroth		Alliance		
Caverns of Time	30	Contested	Raid	
Darkshore	10 - 60	Contested		
The Dig	10 - 70	Contested	Dungeon	
Domination Point	20 - 70	Contested		
Gilneas City		Contested		
Arathi Highlands	80	Contested		
K'aresh		Contested		
The Maelstrom	50	Contested		
Mechagon City		Contested		
Edge of Reality	10 - 40	Contested		
Zuldazar	10 - 60	Contested		
Khaz Algar		Contested		
Arathi Basin	10	PvP	Battleground	
Azuremyst Isle	10 - 45	Sanctuary		
Havenswood	10 - 60	Contested		
Invasion Point: Bonich	45	Contested		
Nokhudon Proving Grounds	61 - 70	PvP	Arena	
Saltstone Mine	30 - 60	Contested		
Mardum, the Shattered Abyss	10 - 45	Contested		
Tirisfal Glades	1 - 30	Horde	Artifact Acquisition	
Voidscar Cavern		Contested		
Arathi Basin		PvP	Battleground	
Assault on Zan'vess	30 - 70	Contested		
Tol Barad	10 - 45	Contested		
The Beyond	10 - 45	Contested	Artifact Acquisition	
Tol Dagor	10 - 60	Contested		
The Emerald Dream	50	Contested		
The Glassed Expanse		Contested	Raid	
Invasion Point: Naigtal	45	Contested		
Mogu'shan Vaults	35	Contested	Raid	
Scarlet Monastery	10 - 30	Contested	Dungeon	
Stormwind	10 - 45	Sanctuary		
Thal'dranath	10 - 45	Contested		
The Veiled Sea	1 - 30	Contested		
Fungal Wasteland		Contested		
Khaz Algar		Contested		
Blade's Edge Arena		PvP	Arena	
Wailing Caverns		Horde		
Dagger in the Dark	20 - 70	Contested		
Darkest Depths	50	Contested	Raid	
Ruins of Gilneas City	5 - 30	Contested		
Unga Ingoo	20 - 70	Contested		
Maldraxxus Coliseum	10 - 90	PvP	Arena	
Nordrassil	30 - 35	Contested	Artifact Acquisition	
Orgrimmar	1 - 90	Contested		
The Rotting Mire	10 - 60	Contested		
Stormsea Landing	32 - 35	Contested		
Tirisfal Glades	1 - 30	Horde		
Twisting Nether	1 - 90	Alliance		
The Wandering Isle	50	Contested		
Abyssal Maw	10 - 45	Contested		
Forge of Aeons		Contested		
Azmourne	70	Contested		
Azsuna	45	Contested		
Chapel Gardens	10 - 30	Contested	Dungeon	
Coldheart Interstitia	50 - 60	Contested		
The Waking Shores [DNT]		Contested		
Val'sharah	45	Contested		
Zanchul	10 - 60	Contested		
Alterac Valley	20 - 90	PvP	Battleground	
The Arcway	45	Contested		
Chamber of Rezan	10 - 60	Contested		
The Ember Court		Contested		
The Dragon's Spine	50	Contested		
Fields of the Eternal Hunt	45	Contested		
The Eye of Eternity	45	Contested		
Eversong Woods	90	Contested		
Felwood	15 - 30	Contested		
Firelands	10 - 45	Contested		
Vault of the Incarnates (V2)		Contested	Raid	
Loaknit Den	83 - 88	Contested		
Sacrificial Pits	10 - 60	Contested	Dungeon	
Temple of Five Dawns	1 - 90	Sanctuary	Class Hall	
The Battle of Thunder Pass	10 - 40	Contested		
The Thunder Forge	32 - 35	Contested		
Torghast, Tower of the Damned	50 - 60	Contested		
Twisting Nether	10 - 45	Contested		
The Warlands	70	Contested		
Azshara	10 - 45	Sanctuary		
Azuremyst Isle	45	Contested		
Coldridge Valley		Contested		
Darkshore	50	Contested		
The Deadmines		Alliance		
The Black Empire	40 - 70	Contested		
Gravid Repose	60	Contested		
The Great Sea	35 - 60	Contested		
De Other Side	10 - 60	Contested		
Dark Heart of Pandaria	40 - 70	Contested		
Hook Point		PvP	Arena	
Baine Rescue	50	Contested		
Temple of the Jade Serpent	10 - 45	Contested		
Tempest's Roar		Horde	Dungeon	
Tempest's Roar		Alliance	Dungeon	
A Brewing Storm	10 - 70	Contested		
War Campaign - Horde	35 - 60	Contested		
Hall of Communion	45	Contested		
Darkflame Cleft	70 - 80	Contested		
Fall of Shan Bu	50 - 70	Contested		
Arathi Highlands		PvP		
Hall of the Keepers	10 - 70	Contested	Dungeon	
The Maelstrom	10 - 45	Contested		
Malorne's Nightmare	10 - 45	Contested		
Niskara	10 - 45	Contested		
[TEMP] Placeholder Area - Level Design Land - Wind Test		Contested		
Proudmoore Keep	10 - 60	Contested		
Greater Invasion Point: Sotanathor	45	Contested		
Southshore vs. Tarren Mill		PvP	Battleground	
Stratholme	45	Contested		
Vilaldoun	80 - 90	Contested		
Voidstorm	88 - 90	Contested	Dungeon	
Ashamane's Fall	10 - 90	PvP	Arena	
The Azure Vault	10 - 70	Contested		
Battle on the High Seas	40 - 70	Contested		
Grand Bazaar	10 - 60	Contested		
Boralus Harbor		Contested	Dungeon	
The Dranosh'ar Blockade	1 - 30	Contested		
Dev Map - Exile's Reach		Contested		
Founders Point Camp		Contested		
Halls of Valor	10 - 80	Contested		
Twilight Highlands	50	Contested		
Icecrown Citadel	50	Contested		
Invasion Point: Aurinor	45	Contested		
Kriegval's Rest	70 - 80	Contested		
Marie Lazar Land		Contested		
Dev Map - Mechagon		Contested		
Nzoth	50	Contested		
The Oculus	10 - 45	Contested		
The Secrets of Ragefire	40 - 70	Contested		
Shadowglen	1 - 30	Alliance		
The Sliver	10 - 60	Contested		
Spirits Be With You	10 - 60	Contested		
Stormwind City	10	Contested		
Underrot		Contested		
A.Z.E.R.O.T.H.	70	Contested		
Great Dark Beyond	10 - 45	Contested		
Black Rook Hold	10 - 45	Contested	Dungeon	
Thros, the Blighted Lands	20 - 60	Contested		
The Violet Citadel	1 - 90	Contested		
Tol Dagor	50	Contested		
[DO NOT DISTURB]		Contested		
Durotar	50	Contested		
The Silver Enclave	1 - 90	Contested		
Escape from the Maw		Contested		
The Eye of Eternity	50	Contested		
The Heartland		PvP	Battleground	
Karazhan	10 - 45	Contested		
Lion's Landing	20 - 70	Contested		
The Maelstrom	45	Sanctuary		
Mort'regar	50 - 60	Contested		
Greater Invasion Point: Occularus	45	Contested		
The Upper Reaches	50 - 60	Contested		
Shattered Grove	10 - 54	Contested		
Stormstout Brewery	10 - 45	Contested		
The Trial of Style	25 - 30	Sanctuary	Dungeon	
Celestial Tournament		Contested		
Uncharted Island	35	Contested		
Borean Tundra	10 - 30	Contested		
Catalyst Wards	60	Contested		
Chill's Reach	10 - 54	Contested		
Magus Commerce Exchange	1 - 90	Contested		
Crypts of the Eternal	60	Contested		
The Eternal Palace	50	Contested		
Gnomeregan	10 - 30	Alliance		
The Great Sea	35 - 60	Contested		
Proving Grounds	10 - 70	Contested		
Hot House	10 - 60	Contested		
Icecrown Citadel	10 - 45	Contested		
The In-Between	50 - 60	Contested		
Hozen Island	10 - 60	Contested		
Tanaan Jungle	10 - 40	Contested		
Katalina Island	10 - 60	Contested		
Mogu'shan Palace	20 - 35	Contested	Dungeon	
Dev Map - Zereth Mortis		Contested		
Content Playground		Contested		
Lair of Predaxas	88 - 90	Contested		
Un'gol Ruins	10 - 60	Contested		
Shield's Rest	10 - 45	Contested		
The Skyfire	10 - 45	Contested		
South Seas	10 - 60	Contested		
Sword of Dawn		Alliance	Dungeon	
Sword of Dawn		Alliance	Dungeon	
Ulderoth		Contested	Dungeon	
Zandalari Treasury	50	Contested		
Alterac Valley	50	Contested		
Crucible of Storms	50	Contested		
Derelict Legion Vessel	80 - 90	Contested		
The Dreamgrove	1 - 90	Sanctuary		
Emerald Dreamway	50	Contested		
Test Dungeon		Contested		
Firelands		Contested		
Hallowfall	1 - 90	Contested		
Greater Invasion Point: Inquisitor Meto	45	Contested		
Invasion Point	45	Contested		
Mulgore	1 - 30	Horde		
The Waking Shores	10 - 70	Contested		
Stormheim	10 - 45	Contested	Artifact Acquisition	
The Battle for Stromgarde	50	Contested		
Black Temple	10 - 45	Contested		
Valley of the Four Winds	15 - 35	Contested		
Warband Camp		Contested		
Warsong Gulch		Contested		
xxOLD - Zuldazar City	10 - 45	Contested		
Antonidas Memorial	1 - 90	Contested		
Assault on Broken Shore	45	Contested		
Azewrath	70	Contested		
BlizzCon 2017		Contested		
Broken Shore DO NOT USE	45	Contested		
Blue Dragon Choice		Contested		
Forlorn Cloister	10 - 30	Contested	Dungeon	
The War Creche		Contested		
The Crystal Hall	10 - 45	Alliance		
Azure Vault (delete me)	10 - 70	Contested	Dungeon	
[DO NOT DISTURB]		Contested		
Emerald Dreamway	10 - 70	Contested		
The Black Empire		Contested		
The Lost Glacier	45	Contested		
Gnomeregan	1 - 90	Alliance		
The Great Sea	10 - 45	Contested		
The Great Sea	10 - 45	Contested		
Highmountain	10 - 45	Contested		
The Hinterlands	10 - 30	Contested		
Realm of the Mage Hunter	10 - 45	Contested		
The Secret Ingredient	20 - 70	Contested		
Greater Invasion Point: Matron Folnuna	45	Contested		
Islands	10 - 60	Contested		
Labyrinth		Contested		
Allied - Lightforged Draenei Unlock		Contested		
The Maelstrom	10 - 70	Contested		
Scarlet Monastery	10 - 45	Contested		
Sully Test Plains		Contested		
To the Skies	32 - 35	Contested		
South Seas	10 - 60	Contested		
Suramar	45	Contested	Artifact Acquisition	
zzoldPriory of the Sacred Flame		Contested	Dungeon	
Greater Invasion Point: Mistress Alluradel	45	Contested		
Small Battleground D		Contested		
Blooming Foundry	60	Contested		
The Fracture Chambers	50 - 60	Contested		
Cinematic Test Map		Contested		
Circle of Wills	1 - 90	Contested		
Aberrus, the Shadowed Crucible	10 - 80	Contested		
Deepholm	10 - 45	Contested	Artifact Acquisition	
[TEMP] Dummy Area - Dev Test (JT)	10 - 45	Contested		
Hillsbrad Foothills	7 - 30	Contested		
The Jade Forest	10 - 35	Contested		
The Great Sea	70 - 73	Contested		
The Halfhill Market	35	Contested		
Halls of Stone		Contested		
Arathi Highlands	50	Contested		
Icecrown Citadel	10	Contested		
Karazhan	10 - 45	Contested		
Rescue Koltira	10 - 45	Contested		
Maldraxxus Coliseum		PvP	Arena	
The Maw	50	Contested		
Nexus-Point Xenas	88 - 90	Contested		
Oribos	60	Contested		
Mardum, the Shattered Abyss	45	Sanctuary		
Sholazar Basin	20 - 30	Contested		
Temple of Elune	10 - 58	Contested		
The Timeways		Sanctuary		
Tirisfal Glades	60	Horde		
Townlong Steppes	25 - 35	Contested		
Vale of Eternal Twilight	50	Contested		
The Twisting Nether	1 - 90	Contested		
The Veiled Stair	30 - 35	Contested		
Vault of the Wardens	8 - 45	Contested		
Wetlands	10 - 30	Contested		
Vault of Y'Shaarj	35	Contested		
zsewell		Contested		
Plain of Actualization	60	Contested		
Ardenweald	10 - 58	Contested		
Ascension Coliseum	60	Contested		
Azmerloth - Timeless Area		Contested		
Blackrock Depths		Alliance		
The Fracture Chambers	50 - 60	Contested		
The Battle for Darkshore	50	Contested		
Boost Experience [TEMP NAME]		Contested		
The Great Sea		Contested		
The Great Sea	80 - 83	Contested		
Halls of Valor	1 - 90	Contested		
Twilight Highlands	30 - 35	Contested		
Kun-Lai Summit	20 - 35	Contested		
The Maw	60	Contested		
The North Sea	1 - 10	Contested		
Hook Point	10 - 60	Contested		
Seat of the Primus	10 - 55	Contested		
Progenitor Zone Area 1		Contested		
RebornTree		Contested		
Pandaren Revolution - No Man's Land		Contested		
Temple of the Jade Serpent	50	Contested	Dungeon	
Shado-Pan Showdown	50 - 90	PvP	Battleground	
Shadowgore Citadel	10 - 45	Contested		
Silvermoon City	90	Contested		
Skittering Hollow	10 - 60	Contested		
The Skyfire	10 - 45	Contested		
Uncharted Territory		PvP	Battleground	
[PH]Mardum Treasures	45	Contested		
Vargoth's Retreat	1 - 90	Contested		
The Veiled Sea	10 - 45	Sanctuary		
Whispering Reef	10 - 60	Contested		
The Zocalo	10 - 60	Contested		
11Test4		Contested		
11Test6		Contested		
Abandoned Creche	70 - 80	Contested		
Akazamzarak's Hat	10 - 45	Contested		
ZZ_AlexandraDD		Contested		
Allied - Kul Tiran Unlock		Contested		
Arathi Basin		Contested		
Blackwing Descent	50	Contested		
Death Knight Campaign Flight Bounds	10 - 45	Contested		
Dalaran Island	1 - 90	Contested		
Damarcus_World		Contested		
The Trial of Faith	40	Contested		
Faralohn	10 - 40	Contested		
The Great Sea	10 - 45	Contested		
The Great Sea	80	Contested		
The Greater Sea (Don't Use)	10 - 45	Contested		
Highmountain	45	Contested		
WB New Hires		Contested		
Invasion Point: Sangua	45	Contested		
Locrian Esper	60	Contested		
Vault of Memory	10 - 53	Contested		
Niskara	10 - 45	Contested	Artifact Acquisition	
Overgrown Canopy		Contested		
The Vortex Pinnacle	10 - 45	Contested		
The Proscenium		Contested		
Runeweaver Square	1 - 90	Contested		
The Ruby Sanctum	45	Contested		
Silithus: The Wound	15 - 30	Contested		
Null Space	90	Contested		
Terrace of the Speakers	10 - 60	Contested		
Stormheim	10 - 45	Contested		
Thornheart	30 - 60	Contested		
Underrot		Contested		
Ursoc's Lair	10 - 45	Contested		
The Veiled Stair	30 - 35	Contested		
The Violet Hold	1 - 90	Contested		
Zone4TyrholdTest		Contested		
Zul'Aman	80 - 90	Contested		
8DesertCanyonTest		Contested		
Alliance Airship		PvP	Battleground	
Dev Area - C		Contested		
Ashvane Docks	10 - 60	Contested		
Hall of Awakening	10	Contested		
Azsuna	10 - 45	Contested	Artifact Acquisition	
Blackrock Depths		Contested		
Dungeon Blockout		Contested		
Cave of the Bloodtotem	1 - 90	Contested		
Brew Bay	1 - 10	Contested		
The Burning Nether		Contested		
The Coiled Isle (copy)		Contested		
[DO NOT DISTURB]		Contested		
[DO NOT DISTURB]		Contested		
[DO NOT DISTURB]		Contested		
Doug Land		Contested		
Durotar	1 - 30	Horde		
[Test] Environment Art - Tina 01		Contested		
The Eye of Eternity	1 - 90	Contested		
Eversong Woods		Horde		
The Exodar	45	Sanctuary		
Hillsbrad Foothills	7 - 30	Contested		
The Forbidden Reach	10	Contested		
The Umbral Forests	60	Contested		
The High Gate	10 - 80	Contested		
Gnomeregan		Alliance		
The Great Sea		Contested		
The Great Sea	10 - 60	Contested		
[TEMP] Hackaton Race		Contested		
The Hinterlands	10 - 30	Contested		
Eastern Kingdoms	1 - 30	Contested		
Marie Lazar Land Panda Farm		Contested		
Lordaeron Garrison		Contested		
Model Test World		Contested		
Ritual Site Outskirts	90	Contested		
The Prison of Ink	50	Contested		
Revendreth	10 - 60	Contested		
Pandaren Revolution		Contested		
Ritual Site	80 - 90	Contested		
Sanctum of Light	10 - 45	Contested		
Sewer Exit Pipe	1 - 90	Contested		
Shadow Core	50 - 60	Contested		
Shane Test Area		Contested		
Silvermoon City, Prop Hunt	1 - 90	Contested		
Sound Room - Audio Smoketest		Contested		
Unity Square	10 - 60	Contested		
Suramar	45	Contested		
Gol Thovas	10 - 60	Contested		
The Throughway	10 - 80	Contested		
Dev Map - Quest Training		Contested		
[TEMP] Tech Test - Seamless World Transition A (JT)		Contested		
Tropical Isle 8.0	10 - 60	Contested		
Vale of Eternal Twilight	50	Contested		
Ulderoth	70	Contested		
Uldir	50	Contested		
Val'sharah	10 - 45	Contested		
Warband Camp		Contested		
Zone2lDoodadtest2		Contested		
Allied - Mag'har Orc Unlock		Contested		
Arcatraz	45	Contested		
Ardenweald	60	Contested		
Dev Area - H (copy)		Contested		
Dev Area - B		Contested		
Atal'Jani	10 - 60	Contested		
awood_dev1		Contested		
Azq'roth	70	Contested		
Tanaan Jungle Flight Bounds	40	Contested		
Continent		Contested		
Crapopolis		Contested		
Edge of Darkness		Contested		
Darkshore	50	Contested		
Sully Test Desert		PvP		
Nazmir [DEVLAND COPY]		Contested		
[DO NOT DISTURB]		Contested		
The Rugged Dragonscale	10 - 70	Contested		
Test Dungeon		Contested		
Dalaran Floating Rocks	1 - 90	Contested		
The Gnoll War		Contested		
Halls of Valor	45	Contested		
Arathi Highlands	50	Contested		
Titan Island	10 - 60	Contested		
IsleCVTest2		Contested		
Temple of Kotmogu	35	Contested		
Kun-Lai Summit	20 - 35	Contested		
KVigue Test		Contested		
LDNewHire		Contested		
The Maddening Deep	78 - 80	Contested		
Allied - Mechagnome Unlock		Contested		
The North Sea		Contested		
The Obsidian Sanctum	50	Contested		
Pandaren Farm Dev	10 - 60	Contested		
Animation Playground		Contested		
sbenyona_dev1		Contested		
Sewer Exit Pipe	1 - 90	Contested		
War of the Shifting Sands - No Man's Land		Contested		
Skyhold	60	Sanctuary		
Hero Stage LD Demo Area		Contested		
Sully Test Start		Sanctuary		
Sunreaver's Sanctuary	1 - 90	Contested		
Amy Test Town		Contested		
James's Dynamic Mount Testground		Contested		
Quest Training		Contested		
Bastion - Treasures	10 - 53	Contested		
Val'sharah	10 - 45	Contested		
AI Test Map - Arathi Basin (Debug Version)		Contested		
Watertusk Inn	10 - 60	Contested		
[TEMP] JT Zandalar Swamp		Contested		
Allied - Zandalari Unlock		Contested		
11Test7		Contested		
Allied - Void Elf Unlock		Contested		
AI Test Map 8 - Arathi Basin		Contested		
Seat of the Archon	10 - 60	Contested		
Azmerloth	70	Contested		
Isle of Blizzcon	1	Contested		
Chamber of Heart	50	Contested		
Chamber of Heart	50	Contested		
CharacterTestSpaceArea_ECannon		Contested		
Dreg_DemoArea		Contested		
Level Design [DEV MAP]		Contested		
10.2 Devland		Contested		
[DO NOT DISTURB]		Contested		
[DO NOT DISTURB]		Contested		
[DO NOT DISTURB]		Contested		
Dornogal Test		Sanctuary		
Dragon Isles		Contested		
Elwynn 2 test	1 - 30	Alliance		
The Eventide	1 - 90	Contested		
Sully Test Forest		Contested		
- QA and DVD GLOBAL -		Contested		
Arathi Highlands	1 - 10	PvP		
Twilight Highlands	30 - 35	Contested		
Interactive World - Night Test	30 - 60	Contested		
Tanaan Invasion	10 - 40	Contested		
Swamp Island	10 - 60	Contested		
Lost Spirit Lounge	10 - 60	Contested		
DEV Lowlands (DO NOT USE)		Contested		
The Cove of Nashal	10 - 45	Contested		
Professions Land	1	Contested		
Proudmoore Barracks	10 - 60	Contested		
Isle of Quel'Danas	90	Contested		
Pit of Saron	45	Contested		
Scarlet Halls	83 - 88	Contested		
War of the Shifting Sands		Contested		
2711- Silvermoon		Contested		
Dev Smoketest Area		Contested		
Solesa naksu [DNT]	50	Contested		
Stormheim		Contested	Dungeon	
Stormheim	45	Contested		
Tal'farrak	10 - 60	Contested		
[UNUSED]	10 - 45	Contested		
VictorCortisLand	10 - 45	Contested		
Bastion - Vignettes	10 - 53	Contested		
Warband_Plains		Contested		
Winter AB		PvP	Battleground	
lost world [ph]	10 - 60	Contested		
[PH] JT Test World		Contested		
12test		Contested		
Map 2437 [DEV AREA]		Contested		
Dev Area - D		Contested		
Dev Area - F		Contested		
Violet Citadel Balcony	1 - 90	Contested		
9.1 Campaign		Contested		
10 Canyon		Contested		
2510 Coreway		Contested		
Aberrus, the Shadowed Crucible	70	Contested		
Tol Dagor	1 - 90	Contested		
Darkglow Hollows		Contested		
Dastardly Duos	10 - 80	Contested		
Dalaran (Deadwind Pass)	1 - 90	Contested		
Azshara_DemoArea		Contested		
[DO NOT DISTURB]		Contested		
[DO NOT DISTURB]		Contested		
[DO NOT DISTURB]		Contested		
[DO NOT DISTURB]		Contested		
Dragonblight	15 - 30	Contested		
Test Dungeon - Gray Area		Contested		
Test Dungeon		Contested		
Dustwallow Marsh UNUSED	50	Contested		
EnvArtMaldraxxus- Battlefield		Contested		
Amy Test Forest		Contested		
The Great Sea	83 - 88	Contested		
The Purge of Grommar	10 - 40	Contested		
[TEMP] Hackaton Race		Contested		
[TEMP] Hackaton CV		Contested		
10 Highlands		Contested		
The Hinterlands	10 - 30	Contested		
[TEMP] CV Kul Tiras Island	1	Contested		
JrzTest		Contested		
The Maiden's Virtue		Contested		
MalDoodadtest		Contested		
Allied - Orgrimmar		Contested		
Prototype	50 - 80	Contested		
Delve Prototype	70 - 80	Contested		
Scarlet Halls	10 - 30	Contested		
Shwayder's Tavern		Contested		
Silvermoon City		Contested		
Silvermoon City		Contested		
Stratholme		Alliance		
Hall of Strength	10 - 60	Contested		
Tak-Rethan Abyss	70 - 80	Contested		
Tal'aman	10 - 60	Contested		
Tazavesh, the Veiled Market		Contested		
Tenebrous Vault	50	Contested		
Little Tortolla	10 - 60	Contested		
Tradewinds Market	1 - 90	Contested		
Vision of the Twisting Sands	50	Contested		
11.0 - Underground Test		Contested		
[TEMP] Underwater Ideation		Contested		
Wonderland	10 - 60	Contested		
10Zone6-Devland		Contested		
11Test1		Contested		
11Test5		Contested		
War Campaign - Alliance	35 - 60	Contested		
Allied - Dark Iron Dwarf Unlock		Contested		
Alllied - Vulpera Unlock		Contested		
Ashvane Company Yards	10 - 60	Contested		
8.2.5 War Campaign	50	Contested		
The Violet Citadel Spire	1 - 90	Contested		
Dampwick Ward	10 - 60	Contested		
Dreg_DemoArea_Flood		Contested		
Env Art Land - Detail Doodad Test		Contested		
Pocket Dimension		Contested		
[DO NOT DISTURB]		Contested		
[DO NOT DISTURB]		Contested		
[DO NOT DISTURB]		Contested		
The Drunken Drummer	10 - 60	Contested		
Test Dungeon - White Area		Contested		
Enigma Arena		PvP		
EnvArtDevMaldraxxus- Pestilence		Contested		
Forbidden Reach - (11.0.5 Version) - Dracthyr for All		Contested		
8.0 Islands - Ship - Player Alliance - Kul'Tiras Medium 01 With Gangplank	10 - 60	Contested		
Gilneas Island	10 - 60	Contested		
The Gnoll War- No Man's Land		Contested		
The Great Sea	10 - 45	Contested		
Helmouth Shallows	10 - 45	Contested	Artifact Acquisition	
Housing_Plots	1 - 90	Sanctuary		
Home Interior		Contested		
[TEMP] CV JulienTest		Contested		
Zone 4 Dev Land		Contested		
Lug'thun's Crater		Contested		
MalPestDoodadTest		Contested		
Mariner's Row	10 - 60	Contested		
The Maw	50	Contested		
12DUR_Oasis_TEST_MCarwen		Contested		
Housing NPC Prototype Neighborhood		Contested		
Allied - Nightborne Unlock		Contested		
Ny'alotha, the Waking City	50	Contested		
A Dark Place	45	Contested		
Warfronts Prototype Main	50	Contested		
Proudmoore Academy	10 - 60	Contested		
Rastakhan's Might	10 - 60	Contested		
Razorwind Camp		Contested		
Undermine	10 - 80	Contested		
The Vindicaar	45	Contested		
Viperville		Contested		
zzOLDBastion		Contested		
11Test3		Contested		
13doodadtest		Contested		
Blackrock Depths		Contested		
Upton Borough	10 - 60	Contested		
Chamber of Heart		Contested		
Crosswind Commons	10 - 60	Contested		
[DO NOT DISTURB]		Contested		
[DO NOT DISTURB]		Contested		
[DO NOT DISTURB]		Contested		
[DO NOT DISTURB]		Contested		
FX - Test Dungeon		Contested		
The Exodar	1 - 90	Sanctuary		
Harandar Dev Land		Contested		
IsleCVTest		Contested		
White Mesa Isles	10 - 60	Contested		
11.2 - Karesh Test		Contested		
PvP POI Dev Land		Contested		
Maldraxxus	50	Contested		
mesten_dev1		Contested		
MSandersTest2016		Contested		
Animation Playground		Contested		
Questfall	5 - 30	Alliance		
RiverZone_Art	10 - 60	Contested		
Castle Nathria ()	10 - 60	Contested		
Shadow Core	50 - 60	Contested		
Shadow Core	50 - 60	Contested		
Silithus Brawl		Contested		
SinewTestArea		Contested		
Rock Spire	10 - 60	Contested		
Allied - Stormwind		Contested		
Terrace of the Chosen	10 - 60	Contested		
[TEMP] Tech Test - Seamless World Transition B (JT)		Contested		
Twitching Gorge	78 - 80	Contested		
The Vindicaar	45	Contested		
11.0 warband camp		Contested		
Wetlands	10 - 30	Contested		
Zone2lDoodadtest		Contested		
11Test2		Contested		
Dev Area - A		Contested		
Dev Area - I		Contested		
PTH Test Area		Contested		
Temple of the White Tiger Flight Bounds	10 - 45	Contested		
CursedPrototype	10 - 60	Contested		
Durotar_DemoArea		Contested		
[DO NOT DISTURB]		Contested		
Legion Dungeon	10 - 45	Contested		
Francesco test - internal only		Contested		
Gnomeregan		Alliance		
Arathi Highlands RPE	80	Contested		
Allied - Highmountain Tauren Unlock		Contested		
Icecrown	25 - 30	Contested		
Julien Test Land		Contested		
Stormsong Monastery	10 - 60	Contested		
12.0 WB Playground		Contested		
The Old Seawall	10 - 60	Contested		
Warden Tower TEMP	10 - 45	Contested		
11 Zone3		Contested		
Defense of Karabor	10 - 40	Contested